Количество просмотров,Частота публикаций,Метка_рубрики
1088.0,85642.0,
3404.0,85560.0,
7299.0,83220.0,18.0
3704.0,84720.0,22.0
19742.0,86034.0,25.0
5368.0,78000.0,
2556.0,79500.0,25.0
3176.0,84600.0,22.0
5488.0,84300.0,
2469.0,85800.0,
10004.0,85800.0,25.0
2187.0,86101.0,
4200.0,0.0,6.0
2986.0,84376.0,
5757.0,82800.0,
1991.0,84180.0,13.0
4785.0,80940.0,25.0
9724.0,86253.0,
1940.0,85680.0,25.0
5074.0,85200.0,
1857.0,0.0,17.0
11809.0,84780.0,
16789.0,85800.0,1.0
3191.0,0.0,19.0
1906.0,85500.0,12.0
5035.0,0.0,22.0
5153.0,85020.0,19.0
2452.0,85224.0,
1732.0,84600.0,2.0
2396.0,84420.0,25.0
2899.0,85531.0,1.0
10094.0,84000.0,21.0
1877.0,86100.0,25.0
2365.0,85690.0,
1810.0,85800.0,18.0
6357.0,83180.0,25.0
3924.0,83820.0,4.0
3031.0,84542.0,
1625.0,84540.0,25.0
5078.0,85819.0,25.0
15998.0,84840.0,23.0
2667.0,83700.0,22.0
2671.0,79500.0,25.0
2950.0,86280.0,22.0
1870.0,85920.0,22.0
9199.0,86280.0,13.0
5499.0,84311.0,23.0
2435.0,77975.0,25.0
3177.0,0.0,
3516.0,57180.0,17.0
6879.0,84300.0,17.0
4256.0,81960.0,25.0
4877.0,61187.0,
2182.0,85800.0,18.0
3625.0,0.0,24.0
5260.0,86100.0,16.0
14623.0,82800.0,12.0
3674.0,84720.0,12.0
2800.0,84600.0,
5374.0,0.0,
2389.0,0.0,23.0
3484.0,84480.0,18.0
19240.0,84152.0,
1310.0,0.0,
2594.0,83261.0,23.0
2759.0,64559.0,9.0
4291.0,0.0,22.0
1835.0,75960.0,
3631.0,83880.0,12.0
2592.0,83640.0,
1637.0,85560.0,23.0
2572.0,81900.0,20.0
5015.0,86100.0,
2740.0,84480.0,22.0
1568.0,48900.0,25.0
3961.0,84270.0,25.0
4083.0,85800.0,24.0
3124.0,81060.0,
8925.0,85200.0,25.0
2777.0,85200.0,24.0
3919.0,86159.0,25.0
3093.0,82320.0,23.0
4253.0,86280.0,12.0
15311.0,85800.0,12.0
7685.0,86100.0,13.0
2747.0,84217.0,25.0
2711.0,85970.0,21.0
66774.0,84300.0,
1980.0,85500.0,23.0
2908.0,84720.0,12.0
1213.0,47449.0,22.0
2468.0,0.0,26.0
2097.0,83916.0,
3479.0,86340.0,
1881.0,85500.0,22.0
9577.0,85800.0,12.0
3128.0,86265.0,19.0
4199.0,84917.0,25.0
5636.0,84900.0,24.0
2545.0,83400.0,29.0
21511.0,84480.0,2.0
2099.0,82800.0,18.0
4244.0,61920.0,18.0
4066.0,83658.0,25.0
3329.0,85980.0,18.0
3444.0,83040.0,12.0
8897.0,73380.0,12.0
4278.0,82264.0,18.0
2156.0,84082.0,22.0
4687.0,79949.0,17.0
25716.0,84600.0,3.0
3244.0,83880.0,24.0
2809.0,85800.0,17.0
12906.0,84960.0,25.0
2943.0,47732.0,18.0
1967.0,84785.0,18.0
1964.0,85000.0,
14419.0,83700.0,
1977.0,0.0,22.0
5116.0,82800.0,18.0
1884.0,0.0,25.0
11269.0,84026.0,23.0
4581.0,83700.0,25.0
8512.0,85560.0,
4189.0,85680.0,
3881.0,85980.0,25.0
18126.0,0.0,17.0
1691.0,82800.0,
5374.0,83580.0,17.0
4080.0,85800.0,22.0
2188.0,85440.0,4.0
1605.0,86024.0,
5324.0,85561.0,23.0
2817.0,82200.0,25.0
3078.0,83730.0,12.0
16542.0,84900.0,12.0
2200.0,86100.0,24.0
25790.0,84859.0,
2542.0,84900.0,13.0
2260.0,73071.0,25.0
11991.0,83220.0,22.0
1882.0,85500.0,19.0
2701.0,80407.0,2.0
1954.0,84300.0,6.0
4610.0,85800.0,18.0
3104.0,83280.0,6.0
4177.0,85800.0,18.0
5788.0,83700.0,7.0
4304.0,84720.0,24.0
1374.0,85460.0,25.0
2491.0,84600.0,20.0
6094.0,85200.0,18.0
4701.0,84600.0,25.0
1606.0,84600.0,25.0
1871.0,83100.0,6.0
3415.0,58663.0,
3574.0,83880.0,
1806.0,86160.0,25.0
1485.0,82800.0,25.0
3389.0,82920.0,21.0
1422.0,85620.0,25.0
3147.0,86160.0,18.0
5512.0,85376.0,25.0
2374.0,84000.0,8.0
2962.0,84000.0,12.0
9713.0,85800.0,
4520.0,86220.0,19.0
2040.0,86054.0,19.0
6317.0,84720.0,25.0
2610.0,85080.0,4.0
6788.0,85500.0,18.0
2412.0,84600.0,4.0
1972.0,0.0,
16383.0,85800.0,12.0
5027.0,81300.0,25.0
2551.0,85560.0,23.0
5231.0,85380.0,12.0
3900.0,82993.0,3.0
22836.0,85200.0,
2756.0,85020.0,13.0
30786.0,84600.0,29.0
3293.0,85800.0,12.0
20732.0,84038.0,22.0
1768.0,85718.0,18.0
2826.0,85680.0,
2331.0,84900.0,23.0
5703.0,85142.0,25.0
2431.0,86016.0,
4983.0,85620.0,25.0
1607.0,85680.0,
2969.0,84300.0,23.0
5790.0,0.0,12.0
5333.0,86100.0,
4395.0,82680.0,
2857.0,83220.0,17.0
4246.0,84600.0,17.0
9955.0,0.0,30.0
4760.0,78000.0,
4636.0,86371.0,22.0
2426.0,82800.0,18.0
14160.0,81300.0,18.0
1242.0,86167.0,22.0
7283.0,84060.0,
2126.0,85860.0,8.0
2951.0,86220.0,
1326.0,85500.0,
10110.0,84600.0,18.0
2175.0,83158.0,18.0
1331.0,0.0,18.0
2588.0,84726.0,17.0
7544.0,83100.0,
1724.0,80940.0,19.0
2199.0,84480.0,23.0
3270.0,86280.0,6.0
2208.0,83100.0,18.0
7118.0,85380.0,25.0
4001.0,85920.0,25.0
2718.0,83220.0,17.0
3628.0,83040.0,12.0
2151.0,84360.0,17.0
13681.0,86040.0,25.0
1977.0,86100.0,18.0
3342.0,83941.0,8.0
4440.0,82200.0,29.0
2232.0,84540.0,25.0
6528.0,84720.0,18.0
9253.0,85196.0,24.0
2385.0,85439.0,
3063.0,84300.0,25.0
1947.0,82200.0,12.0
5533.0,84600.0,25.0
3386.0,86100.0,5.0
4459.0,84784.0,19.0
3839.0,84480.0,
70921.0,85080.0,12.0
2465.0,0.0,29.0
2104.0,51900.0,19.0
2853.0,84575.0,
9451.0,82258.0,25.0
10277.0,56400.0,23.0
4025.0,85200.0,23.0
2184.0,84697.0,2.0
5650.0,80376.0,
1902.0,85500.0,24.0
1707.0,0.0,25.0
7923.0,84600.0,22.0
8274.0,85260.0,
2622.0,85380.0,17.0
4057.0,85770.0,25.0
3631.0,83220.0,18.0
1543.0,85500.0,22.0
7640.0,85500.0,22.0
4833.0,85200.0,15.0
1778.0,82800.0,16.0
6093.0,84780.0,19.0
14259.0,82260.0,16.0
4092.0,82980.0,17.0
2413.0,85500.0,25.0
8819.0,83820.0,6.0
5597.0,84600.0,25.0
4786.0,85581.0,22.0
2280.0,83700.0,
1456.0,83700.0,20.0
2685.0,83400.0,17.0
3565.0,85502.0,23.0
2439.0,86161.0,19.0
10131.0,84844.0,23.0
16898.0,85800.0,18.0
3978.0,84300.0,5.0
2152.0,83400.0,22.0
9059.0,84058.0,25.0
2902.0,85200.0,
2615.0,86040.0,25.0
1699.0,84180.0,18.0
1836.0,85980.0,23.0
9908.0,78043.0,
2815.0,84600.0,29.0
1684.0,53700.0,8.0
3321.0,84000.0,25.0
2353.0,85858.0,
698.0,86220.0,25.0
2568.0,85920.0,7.0
39865.0,86144.0,25.0
6929.0,85800.0,16.0
3456.0,85440.0,18.0
7356.0,86280.0,24.0
2390.0,84000.0,18.0
2884.0,85200.0,18.0
3487.0,85371.0,12.0
2178.0,84840.0,25.0
7932.0,86308.0,
8490.0,84600.0,25.0
32174.0,84420.0,17.0
27326.0,84000.0,25.0
1178.0,70939.0,2.0
14870.0,57937.0,6.0
1516.0,0.0,12.0
2412.0,83400.0,1.0
2505.0,52680.0,12.0
4621.0,84120.0,24.0
3572.0,0.0,
1919.0,84600.0,
9743.0,85200.0,18.0
1044.0,83100.0,18.0
5911.0,0.0,25.0
4446.0,84300.0,18.0
4332.0,85200.0,25.0
3690.0,83700.0,12.0
1136.0,85428.0,19.0
5533.0,84780.0,23.0
3661.0,82800.0,
1979.0,85560.0,
2512.0,84000.0,2.0
2817.0,79200.0,
23005.0,85500.0,18.0
3404.0,86352.0,6.0
2342.0,85772.0,25.0
13212.0,83700.0,10.0
3160.0,85800.0,17.0
2856.0,0.0,12.0
1892.0,85828.0,22.0
2251.0,86340.0,14.0
10745.0,84600.0,
3848.0,85500.0,7.0
2321.0,85320.0,5.0
2100.0,85800.0,2.0
2175.0,85500.0,24.0
2482.0,84780.0,22.0
8821.0,85800.0,
7238.0,0.0,17.0
2852.0,84720.0,29.0
1757.0,84780.0,16.0
7705.0,82800.0,
2201.0,85920.0,25.0
1440.0,84600.0,25.0
9307.0,82800.0,25.0
7808.0,84240.0,25.0
2526.0,85200.0,
2784.0,85980.0,25.0
6444.0,84000.0,4.0
5323.0,85588.0,12.0
3097.0,84430.0,
3773.0,85200.0,18.0
2470.0,85500.0,12.0
6444.0,86100.0,25.0
7532.0,84000.0,22.0
4030.0,86280.0,24.0
2127.0,86220.0,21.0
10763.0,82800.0,12.0
2729.0,84359.0,12.0
3556.0,79800.0,14.0
2132.0,79320.0,25.0
2738.0,85080.0,8.0
7405.0,0.0,21.0
2556.0,85529.0,2.0
4311.0,78905.0,25.0
7176.0,83003.0,12.0
3253.0,85800.0,12.0
3903.0,85200.0,29.0
5224.0,83113.0,18.0
15448.0,84600.0,18.0
1364.0,85205.0,12.0
1922.0,85800.0,18.0
3448.0,83580.0,
3569.0,84660.0,12.0
2585.0,75858.0,25.0
17875.0,46800.0,25.0
1795.0,67920.0,12.0
4420.0,84769.0,
2035.0,84900.0,18.0
1079.0,85174.0,18.0
1892.0,83580.0,
3592.0,85200.0,25.0
7220.0,83160.0,1.0
3209.0,85313.0,7.0
2539.0,85657.0,24.0
2122.0,86220.0,25.0
1624.0,84434.0,
3904.0,82440.0,12.0
2204.0,84900.0,14.0
7476.0,82800.0,
6175.0,86040.0,2.0
18056.0,85800.0,29.0
5520.0,84000.0,4.0
6042.0,82800.0,
8697.0,84386.0,23.0
3688.0,84984.0,16.0
6820.0,84960.0,
4469.0,83721.0,7.0
10048.0,85800.0,3.0
2513.0,84301.0,7.0
5800.0,84817.0,12.0
3796.0,86100.0,12.0
3413.0,84000.0,25.0
5054.0,86189.0,12.0
2369.0,85860.0,23.0
7123.0,0.0,25.0
3993.0,84583.0,
10799.0,84300.0,29.0
1658.0,86318.0,22.0
2387.0,85800.0,16.0
5666.0,83356.0,
1710.0,85860.0,18.0
5098.0,83963.0,18.0
3570.0,83100.0,25.0
15670.0,84107.0,18.0
6356.0,83400.0,
1798.0,86255.0,22.0
2264.0,86280.0,25.0
2088.0,82800.0,25.0
3228.0,83700.0,22.0
2402.0,86340.0,25.0
2585.0,83700.0,
46942.0,84611.0,
2549.0,84660.0,18.0
1420.0,84600.0,25.0
2487.0,86100.0,22.0
1980.0,85080.0,18.0
2230.0,86100.0,1.0
6706.0,85800.0,
11991.0,84120.0,19.0
1847.0,84480.0,6.0
13992.0,85200.0,23.0
5024.0,84840.0,
3001.0,84000.0,23.0
1709.0,84000.0,18.0
3725.0,64800.0,
3672.0,77987.0,
2244.0,84872.0,17.0
2404.0,84600.0,6.0
4898.0,85927.0,23.0
1308.0,85817.0,
6745.0,85200.0,6.0
6135.0,85500.0,
1784.0,84000.0,7.0
7602.0,83220.0,24.0
4683.0,86040.0,25.0
1763.0,86160.0,25.0
2595.0,83100.0,4.0
2288.0,84900.0,12.0
2357.0,86246.0,
2587.0,82800.0,22.0
16184.0,85800.0,12.0
3936.0,82800.0,
3294.0,85800.0,26.0
2367.0,58200.0,20.0
2442.0,84180.0,18.0
33244.0,81720.0,23.0
5000.0,82860.0,17.0
4888.0,83100.0,29.0
2938.0,66009.0,4.0
3202.0,84858.0,
2205.0,83640.0,2.0
2434.0,84110.0,22.0
11370.0,86040.0,24.0
20206.0,84600.0,4.0
2791.0,84540.0,
2296.0,75369.0,21.0
5817.0,84600.0,17.0
8463.0,85800.0,14.0
3087.0,85200.0,13.0
1494.0,86177.0,12.0
2147.0,85115.0,12.0
2078.0,82800.0,2.0
5017.0,85425.0,6.0
8846.0,85080.0,3.0
1799.0,82800.0,22.0
11800.0,85620.0,17.0
4392.0,84600.0,25.0
9204.0,85800.0,12.0
3263.0,82078.0,20.0
9467.0,85500.0,12.0
3886.0,84600.0,18.0
2379.0,85317.0,19.0
27383.0,84780.0,12.0
7190.0,84000.0,3.0
1696.0,84600.0,25.0
5837.0,84000.0,
7706.0,0.0,17.0
4449.0,84382.0,18.0
1500.0,83700.0,
2431.0,86100.0,
2306.0,84385.0,22.0
8314.0,84814.0,30.0
3845.0,83660.0,2.0
1954.0,84600.0,25.0
2574.0,84505.0,
23823.0,55800.0,25.0
2566.0,85200.0,16.0
772.0,85233.0,26.0
4828.0,85620.0,12.0
3780.0,85999.0,
7427.0,85800.0,
7956.0,84131.0,2.0
1633.0,85920.0,12.0
1796.0,86009.0,1.0
2204.0,85791.0,23.0
1607.0,85448.0,12.0
7211.0,84000.0,25.0
1805.0,83400.0,
25222.0,84600.0,22.0
13068.0,82800.0,18.0
2308.0,0.0,12.0
5063.0,82800.0,12.0
2787.0,86138.0,
2669.0,84592.0,
1668.0,85200.0,18.0
10808.0,84600.0,2.0
3998.0,84300.0,3.0
1948.0,85836.0,25.0
7501.0,0.0,
1644.0,85665.0,22.0
8206.0,85800.0,16.0
3591.0,85323.0,2.0
4117.0,85500.0,2.0
4351.0,85200.0,12.0
6154.0,85856.0,18.0
2124.0,85922.0,23.0
3978.0,85515.0,19.0
4003.0,86160.0,12.0
6678.0,84276.0,
6913.0,84180.0,5.0
2502.0,86220.0,29.0
3540.0,85800.0,20.0
4449.0,84000.0,25.0
15621.0,86026.0,
2228.0,85945.0,16.0
6016.0,82832.0,12.0
8902.0,85560.0,12.0
2607.0,83580.0,15.0
4093.0,86269.0,23.0
1733.0,84000.0,12.0
5089.0,84840.0,3.0
1882.0,82800.0,22.0
1651.0,85678.0,
4843.0,86176.0,23.0
6099.0,84796.0,29.0
2226.0,86100.0,
2841.0,81900.0,18.0
2204.0,84700.0,
7510.0,84000.0,13.0
4871.0,85140.0,
2314.0,84924.0,12.0
4506.0,84184.0,25.0
1807.0,85200.0,8.0
2545.0,84776.0,12.0
3211.0,84465.0,
8236.0,82800.0,12.0
15522.0,84600.0,22.0
2828.0,86100.0,12.0
4371.0,85980.0,25.0
6248.0,84300.0,19.0
1752.0,86338.0,29.0
2280.0,82800.0,13.0
2301.0,84600.0,2.0
2077.0,0.0,12.0
1930.0,84720.0,25.0
1633.0,84600.0,23.0
5099.0,85200.0,25.0
2637.0,84600.0,17.0
5635.0,83150.0,12.0
4260.0,49140.0,7.0
11228.0,84000.0,
1667.0,86340.0,25.0
2157.0,0.0,24.0
5297.0,0.0,12.0
2398.0,84540.0,22.0
12105.0,86053.0,25.0
5451.0,82800.0,25.0
4977.0,85800.0,
2223.0,84240.0,22.0
2146.0,81756.0,24.0
20468.0,82800.0,
7412.0,85080.0,1.0
12312.0,84000.0,16.0
7753.0,83726.0,
2578.0,83721.0,12.0
20212.0,82200.0,2.0
5059.0,86100.0,19.0
3584.0,85200.0,22.0
24469.0,85200.0,18.0
5741.0,84660.0,26.0
3308.0,85920.0,29.0
2149.0,85500.0,18.0
2557.0,85200.0,25.0
2846.0,86083.0,16.0
2307.0,83880.0,19.0
1819.0,85041.0,30.0
4922.0,83201.0,
7832.0,83820.0,18.0
2601.0,0.0,17.0
4368.0,84571.0,
3011.0,86364.0,24.0
1801.0,0.0,23.0
14545.0,84040.0,25.0
2485.0,83880.0,13.0
4172.0,82800.0,12.0
4734.0,84814.0,18.0
2075.0,58323.0,21.0
1601.0,84060.0,19.0
2032.0,85020.0,12.0
3592.0,83360.0,14.0
3531.0,53700.0,22.0
3657.0,0.0,22.0
10085.0,86100.0,25.0
4010.0,0.0,26.0
4766.0,85500.0,22.0
2099.0,82800.0,
21714.0,75193.0,
3715.0,84508.0,7.0
2061.0,85703.0,4.0
12501.0,85789.0,18.0
11281.0,85800.0,26.0
5447.0,85200.0,
3904.0,86040.0,12.0
9657.0,86382.0,25.0
3031.0,83516.0,12.0
5766.0,82800.0,17.0
1805.0,85260.0,21.0
765.0,84660.0,
2240.0,85920.0,13.0
2256.0,84600.0,2.0
1521.0,83280.0,19.0
13464.0,82380.0,19.0
8701.0,0.0,23.0
7685.0,0.0,3.0
20085.0,82800.0,17.0
7848.0,84420.0,22.0
11924.0,83520.0,17.0
4036.0,85620.0,23.0
9255.0,82800.0,17.0
2373.0,51900.0,23.0
7533.0,85200.0,22.0
4492.0,84884.0,18.0
1908.0,84600.0,22.0
3186.0,82345.0,25.0
2305.0,82849.0,20.0
1718.0,84600.0,25.0
20966.0,84600.0,8.0
3751.0,85320.0,25.0
31927.0,85500.0,
2319.0,83396.0,
3313.0,83460.0,22.0
1854.0,86160.0,23.0
2343.0,85800.0,24.0
3447.0,83160.0,
4288.0,0.0,29.0
7725.0,85200.0,12.0
1761.0,85290.0,6.0
16427.0,82860.0,19.0
1679.0,85692.0,
6220.0,85800.0,26.0
4312.0,82800.0,19.0
3999.0,84600.0,18.0
7628.0,84780.0,18.0
3836.0,85686.0,
4606.0,82800.0,29.0
3845.0,86160.0,19.0
2173.0,84600.0,
37143.0,84720.0,26.0
2656.0,85800.0,25.0
7203.0,85200.0,22.0
13394.0,85800.0,25.0
3290.0,84780.0,25.0
2510.0,83760.0,
1114.0,84886.0,29.0
4891.0,79200.0,
2651.0,82560.0,19.0
3873.0,85200.0,25.0
3846.0,84600.0,6.0
22819.0,84600.0,
1494.0,83160.0,26.0
2703.0,86100.0,25.0
26606.0,83340.0,25.0
2317.0,85500.0,
4301.0,85320.0,
1018.0,82860.0,21.0
30673.0,81867.0,12.0
14423.0,84000.0,13.0
535.0,85140.0,
4390.0,82200.0,12.0
3545.0,85500.0,19.0
2360.0,86040.0,2.0
1451.0,81914.0,22.0
4393.0,84600.0,25.0
5391.0,84240.0,18.0
5664.0,85800.0,
4797.0,84600.0,19.0
1918.0,86160.0,22.0
2456.0,81019.0,25.0
1743.0,84600.0,
2176.0,85933.0,
11404.0,82845.0,
989.0,85500.0,18.0
8120.0,83700.0,21.0
21249.0,82800.0,22.0
5705.0,83700.0,18.0
9280.0,86220.0,
3104.0,81660.0,
4168.0,86100.0,23.0
17709.0,85980.0,
5816.0,84000.0,6.0
3115.0,84600.0,24.0
2594.0,84480.0,25.0
2093.0,83400.0,
2423.0,83432.0,18.0
1474.0,86220.0,24.0
3305.0,86130.0,25.0
8670.0,81780.0,25.0
2495.0,85543.0,25.0
2362.0,0.0,12.0
676.0,85894.0,12.0
3752.0,83077.0,25.0
1503.0,82800.0,22.0
3411.0,85500.0,8.0
3472.0,84420.0,25.0
2604.0,84928.0,
4438.0,85140.0,18.0
3710.0,82310.0,
3011.0,85380.0,25.0
9701.0,84180.0,18.0
34524.0,82848.0,14.0
1776.0,84600.0,12.0
36873.0,85800.0,2.0
9373.0,83940.0,22.0
1647.0,85680.0,9.0
6264.0,82800.0,22.0
3249.0,85645.0,25.0
3211.0,82380.0,17.0
2234.0,86133.0,12.0
4996.0,84120.0,24.0
5188.0,85200.0,12.0
2955.0,85200.0,25.0
3095.0,83940.0,
3851.0,80594.0,
1754.0,76940.0,
11555.0,85800.0,24.0
7049.0,55200.0,6.0
8983.0,84420.0,25.0
1195.0,85200.0,12.0
2886.0,83428.0,23.0
4126.0,85500.0,1.0
2598.0,83820.0,12.0
1274.0,86040.0,22.0
1195.0,84240.0,22.0
17850.0,85200.0,
3401.0,85920.0,18.0
2049.0,85224.0,21.0
2048.0,85930.0,25.0
2721.0,85476.0,12.0
4574.0,82800.0,12.0
3453.0,83040.0,7.0
5723.0,85800.0,18.0
22326.0,83734.0,15.0
3428.0,82800.0,25.0
1886.0,0.0,25.0
6426.0,82800.0,
2343.0,82920.0,24.0
1761.0,85320.0,22.0
3369.0,83400.0,23.0
8558.0,84600.0,25.0
2861.0,0.0,24.0
3512.0,83633.0,12.0
6935.0,0.0,25.0
3678.0,86100.0,25.0
1414.0,86040.0,
15518.0,80820.0,12.0
2350.0,82902.0,
9698.0,85225.0,
5642.0,82800.0,
17298.0,84900.0,24.0
2692.0,85320.0,12.0
6926.0,0.0,25.0
3279.0,84000.0,25.0
1345.0,86075.0,24.0
2222.0,85450.0,1.0
3417.0,85419.0,
1990.0,82800.0,22.0
4381.0,86340.0,3.0
1994.0,85500.0,
1694.0,85200.0,3.0
3074.0,84540.0,3.0
1712.0,85577.0,17.0
9425.0,85920.0,2.0
3232.0,84780.0,12.0
3705.0,83662.0,2.0
2193.0,84360.0,25.0
4679.0,82931.0,25.0
19540.0,84600.0,
1162.0,85680.0,
17775.0,84076.0,19.0
2598.0,80690.0,22.0
55287.0,84300.0,2.0
2580.0,86100.0,22.0
2078.0,85080.0,5.0
2664.0,83116.0,12.0
4007.0,85724.0,2.0
2144.0,52248.0,29.0
2046.0,84649.0,17.0
2172.0,82620.0,24.0
2681.0,84840.0,12.0
8624.0,83580.0,22.0
2753.0,85358.0,
1090.0,86100.0,12.0
11145.0,82800.0,6.0
109249.0,86280.0,
4683.0,85440.0,12.0
1542.0,82800.0,13.0
2738.0,85200.0,26.0
1337.0,50820.0,25.0
5021.0,83996.0,
6313.0,84000.0,2.0
3095.0,84600.0,18.0
2309.0,85080.0,17.0
4223.0,83979.0,24.0
2845.0,85860.0,18.0
2363.0,84900.0,
5744.0,81000.0,18.0
621.0,84896.0,25.0
2871.0,85829.0,23.0
3629.0,85620.0,26.0
1203.0,78900.0,22.0
1403.0,85543.0,22.0
4158.0,84204.0,
2365.0,85260.0,4.0
1222.0,84300.0,
5154.0,86160.0,25.0
3110.0,82800.0,26.0
9406.0,83443.0,25.0
3754.0,83220.0,22.0
24342.0,84360.0,16.0
2249.0,84600.0,1.0
5189.0,84960.0,18.0
1990.0,84600.0,18.0
3235.0,85200.0,18.0
14217.0,84600.0,22.0
4309.0,85200.0,25.0
2257.0,52200.0,25.0
2178.0,85800.0,19.0
14279.0,84124.0,4.0
1399.0,83040.0,
1838.0,81896.0,12.0
3231.0,85404.0,18.0
1564.0,85200.0,22.0
1459.0,71994.0,8.0
133551.0,84600.0,13.0
882.0,84900.0,28.0
2457.0,85440.0,18.0
9223.0,86100.0,3.0
4944.0,86236.0,
3337.0,84000.0,24.0
2339.0,82741.0,
1696.0,84216.0,
1973.0,86100.0,25.0
5816.0,85500.0,22.0
1661.0,85020.0,
1429.0,85380.0,25.0
4539.0,84720.0,12.0
1234.0,86220.0,24.0
7693.0,85440.0,25.0
6721.0,85080.0,24.0
2929.0,77994.0,18.0
3127.0,85629.0,18.0
2660.0,0.0,19.0
5027.0,85440.0,
1841.0,83100.0,
4357.0,86220.0,22.0
3785.0,0.0,18.0
1375.0,84300.0,12.0
31784.0,84347.0,12.0
4067.0,85877.0,2.0
19382.0,82800.0,24.0
6791.0,84240.0,12.0
2539.0,85864.0,
2229.0,86100.0,18.0
3119.0,85500.0,
2952.0,84600.0,14.0
1693.0,58140.0,2.0
2669.0,86340.0,
5314.0,83998.0,22.0
3316.0,84240.0,25.0
2369.0,82680.0,22.0
12892.0,85800.0,17.0
4020.0,84600.0,
7036.0,86040.0,
13204.0,57660.0,
3665.0,85440.0,
1685.0,0.0,22.0
2579.0,85767.0,
2902.0,84480.0,29.0
4454.0,84964.0,25.0
3538.0,85800.0,26.0
3472.0,84515.0,22.0
5546.0,85557.0,18.0
7617.0,84600.0,18.0
3772.0,83431.0,25.0
2683.0,85200.0,23.0
5936.0,85800.0,
2789.0,85620.0,23.0
2465.0,85259.0,3.0
22865.0,85923.0,29.0
2767.0,86280.0,
1121.0,84300.0,22.0
3267.0,83580.0,18.0
2681.0,85920.0,
2857.0,84600.0,
3579.0,84384.0,18.0
3408.0,86040.0,25.0
3327.0,84900.0,8.0
11689.0,86285.0,
2594.0,76800.0,19.0
6867.0,84600.0,9.0
10664.0,82800.0,12.0
6907.0,86047.0,12.0
8730.0,84900.0,19.0
3433.0,82800.0,
3647.0,85920.0,22.0
3578.0,85380.0,23.0
2026.0,55827.0,12.0
1803.0,0.0,
5769.0,86051.0,25.0
13271.0,82853.0,
6237.0,85500.0,17.0
4403.0,86001.0,29.0
2206.0,86040.0,26.0
2287.0,84000.0,
27810.0,82137.0,6.0
7915.0,82200.0,8.0
2755.0,85200.0,
6422.0,83400.0,12.0
3563.0,86220.0,
3581.0,84720.0,19.0
2156.0,84000.0,25.0
3325.0,85500.0,24.0
18014.0,84000.0,
2063.0,61161.0,22.0
10485.0,85988.0,
2605.0,84900.0,25.0
1758.0,0.0,
4602.0,85320.0,
2957.0,85746.0,18.0
2221.0,85372.0,
1858.0,85622.0,
9210.0,85200.0,29.0
35182.0,84780.0,18.0
2133.0,84600.0,25.0
11314.0,84720.0,
2269.0,85285.0,22.0
15769.0,85864.0,2.0
6494.0,86100.0,15.0
2078.0,84840.0,2.0
2309.0,86284.0,
2867.0,0.0,12.0
4364.0,85980.0,16.0
2595.0,84600.0,12.0
5564.0,85740.0,18.0
2825.0,85500.0,25.0
1393.0,83220.0,
2974.0,0.0,2.0
3679.0,82980.0,18.0
1435.0,84281.0,
4922.0,85800.0,3.0
1517.0,85440.0,22.0
5010.0,83100.0,23.0
2229.0,85800.0,25.0
3782.0,84720.0,17.0
5506.0,85800.0,12.0
8419.0,83088.0,
23175.0,85800.0,24.0
2618.0,0.0,6.0
3788.0,82800.0,2.0
2581.0,84600.0,12.0
3239.0,0.0,
16697.0,85200.0,18.0
5089.0,83040.0,24.0
11432.0,86340.0,13.0
3601.0,85647.0,
4013.0,86121.0,
4180.0,84000.0,12.0
17245.0,0.0,18.0
4512.0,83400.0,12.0
2444.0,85920.0,18.0
2713.0,0.0,19.0
2038.0,85500.0,
19128.0,82800.0,24.0
3279.0,84480.0,
3609.0,82862.0,25.0
1436.0,55200.0,25.0
3018.0,82855.0,16.0
3541.0,85452.0,25.0
5919.0,85535.0,23.0
2942.0,79800.0,2.0
2732.0,84420.0,3.0
2651.0,85500.0,23.0
11938.0,82800.0,25.0
1299.0,86046.0,
2315.0,82790.0,25.0
17662.0,85500.0,14.0
2137.0,83700.0,12.0
2507.0,83700.0,25.0
8335.0,80400.0,6.0
7946.0,85500.0,
2330.0,86040.0,12.0
6091.0,85800.0,18.0
3045.0,84900.0,
4238.0,84905.0,17.0
4153.0,84718.0,
8675.0,83700.0,25.0
1866.0,86280.0,
8030.0,82799.0,
1962.0,85577.0,25.0
6266.0,0.0,19.0
3322.0,86106.0,12.0
3848.0,86100.0,8.0
2618.0,81720.0,12.0
2152.0,84900.0,12.0
2336.0,84600.0,12.0
3200.0,84840.0,
3377.0,85200.0,16.0
2403.0,82849.0,18.0
3756.0,0.0,
8288.0,85680.0,
1768.0,85020.0,7.0
6912.0,85814.0,17.0
5886.0,82183.0,7.0
2391.0,82800.0,23.0
3889.0,84938.0,
4003.0,83376.0,6.0
2984.0,84900.0,25.0
7072.0,84140.0,17.0
1892.0,85723.0,18.0
6777.0,84900.0,25.0
2036.0,0.0,16.0
17119.0,85800.0,25.0
2529.0,83700.0,19.0
2745.0,85920.0,25.0
3413.0,84720.0,
7778.0,82200.0,
4015.0,0.0,29.0
2431.0,85800.0,12.0
13084.0,84000.0,22.0
4294.0,74336.0,29.0
2841.0,83100.0,
11784.0,73800.0,2.0
4925.0,84600.0,25.0
2892.0,84300.0,19.0
2192.0,85500.0,2.0
2479.0,85436.0,5.0
7119.0,86100.0,18.0
4246.0,85260.0,2.0
8160.0,83700.0,18.0
6280.0,85020.0,4.0
3722.0,83940.0,12.0
13626.0,80700.0,
2188.0,84936.0,
4827.0,85920.0,25.0
7958.0,85112.0,
6701.0,85860.0,23.0
22964.0,85800.0,19.0
2128.0,84960.0,22.0
40532.0,83820.0,24.0
3851.0,86220.0,
1844.0,85200.0,22.0
2911.0,85500.0,12.0
1904.0,85122.0,
5936.0,85803.0,
1390.0,84267.0,16.0
1544.0,86340.0,20.0
5099.0,83716.0,
10335.0,84600.0,12.0
1856.0,56227.0,23.0
6216.0,83400.0,12.0
2502.0,71010.0,25.0
11297.0,85800.0,8.0
6916.0,84840.0,12.0
20053.0,86389.0,26.0
2426.0,84696.0,23.0
1817.0,82414.0,
2799.0,86100.0,18.0
4179.0,85020.0,
2997.0,85558.0,18.0
2567.0,86356.0,
2687.0,84900.0,1.0
7877.0,85902.0,
4158.0,82800.0,12.0
26703.0,84600.0,25.0
2869.0,84600.0,25.0
13682.0,83700.0,19.0
7460.0,85991.0,
1722.0,0.0,19.0
6485.0,83640.0,
1752.0,84991.0,25.0
3151.0,84600.0,2.0
9611.0,83100.0,12.0
8382.0,84900.0,18.0
6685.0,85500.0,25.0
9928.0,85620.0,
4121.0,86160.0,26.0
1451.0,0.0,16.0
2187.0,85102.0,17.0
2566.0,84300.0,12.0
17270.0,83760.0,24.0
10225.0,86388.0,13.0
16324.0,85800.0,17.0
4344.0,86308.0,18.0
1725.0,86244.0,25.0
2545.0,82740.0,
1665.0,85200.0,2.0
9399.0,84300.0,25.0
2623.0,86328.0,
14939.0,86113.0,
9385.0,84600.0,22.0
8370.0,84241.0,17.0
7501.0,81300.0,16.0
46132.0,85800.0,25.0
2832.0,0.0,24.0
2743.0,78000.0,6.0
1659.0,83683.0,22.0
8387.0,84330.0,18.0
5797.0,85800.0,14.0
50260.0,85336.0,18.0
2179.0,85500.0,25.0
79371.0,84600.0,5.0
1624.0,61260.0,25.0
5401.0,84600.0,12.0
2484.0,77040.0,12.0
5037.0,82800.0,19.0
21694.0,82233.0,
2996.0,85680.0,25.0
2143.0,85778.0,25.0
3158.0,82800.0,19.0
4523.0,84000.0,25.0
8235.0,0.0,
3212.0,85620.0,7.0
3752.0,83220.0,
15471.0,83700.0,18.0
18686.0,85500.0,18.0
4011.0,82800.0,
7774.0,84900.0,4.0
7420.0,86340.0,2.0
12346.0,0.0,12.0
6700.0,84677.0,18.0
5674.0,84900.0,23.0
3694.0,82232.0,
2056.0,57600.0,22.0
5418.0,85500.0,12.0
6158.0,86220.0,23.0
12735.0,84000.0,24.0
4329.0,83700.0,
9027.0,83700.0,12.0
4858.0,83700.0,25.0
3095.0,85260.0,18.0
5076.0,84300.0,
3127.0,84600.0,22.0
6791.0,86100.0,23.0
1198.0,86370.0,29.0
1277.0,85200.0,25.0
1987.0,85980.0,25.0
17704.0,83700.0,25.0
3018.0,84000.0,5.0
3199.0,86100.0,
4052.0,83700.0,8.0
2647.0,84000.0,24.0
5413.0,82500.0,25.0
927.0,0.0,25.0
3705.0,85800.0,12.0
1339.0,85800.0,12.0
2773.0,84660.0,
3601.0,82800.0,26.0
9375.0,82200.0,8.0
7235.0,85800.0,18.0
1964.0,83700.0,22.0
9133.0,85752.0,
1538.0,84900.0,15.0
2314.0,84942.0,
2436.0,85094.0,17.0
2412.0,84780.0,16.0
1566.0,84237.0,18.0
3611.0,83670.0,4.0
2582.0,0.0,12.0
7240.0,85016.0,25.0
5432.0,83820.0,
1928.0,86347.0,
3200.0,86100.0,8.0
2712.0,0.0,12.0
2774.0,85980.0,18.0
4074.0,84600.0,16.0
14330.0,84300.0,25.0
2508.0,85920.0,22.0
1312.0,82080.0,13.0
1835.0,85320.0,17.0
9682.0,82800.0,25.0
10076.0,84660.0,18.0
1703.0,82800.0,
1293.0,84120.0,22.0
3971.0,79562.0,25.0
2054.0,82505.0,18.0
4399.0,85500.0,23.0
7779.0,85380.0,22.0
1745.0,85860.0,30.0
2165.0,86040.0,24.0
19407.0,83280.0,23.0
2137.0,84600.0,25.0
6079.0,79154.0,
2641.0,82800.0,
1609.0,84600.0,
3171.0,84600.0,21.0
11837.0,86280.0,5.0
9075.0,83490.0,12.0
7615.0,85887.0,18.0
7131.0,85500.0,2.0
3777.0,83700.0,12.0
3017.0,83400.0,20.0
9176.0,85860.0,22.0
1039.0,0.0,25.0
6809.0,80700.0,25.0
4156.0,85920.0,24.0
4510.0,83050.0,24.0
2725.0,82320.0,17.0
16720.0,84949.0,23.0
2971.0,85500.0,
1960.0,0.0,25.0
4203.0,84600.0,18.0
5776.0,82799.0,
4399.0,82676.0,
2035.0,85959.0,25.0
1825.0,85500.0,25.0
3148.0,84600.0,22.0
8809.0,84600.0,24.0
6495.0,84600.0,18.0
9078.0,85920.0,28.0
2956.0,83400.0,
1621.0,83656.0,12.0
2237.0,79260.0,12.0
2176.0,83520.0,18.0
3377.0,86399.0,23.0
2311.0,85080.0,12.0
13911.0,82800.0,25.0
11441.0,83700.0,18.0
2065.0,61380.0,
35337.0,83700.0,
2376.0,85980.0,16.0
1231.0,85668.0,12.0
3250.0,84615.0,
2944.0,86100.0,16.0
7569.0,0.0,12.0
14556.0,84780.0,
1782.0,84780.0,22.0
20940.0,84059.0,6.0
2675.0,85440.0,25.0
5141.0,85380.0,
3412.0,84660.0,
1819.0,84900.0,6.0
2791.0,83880.0,19.0
8341.0,83416.0,
3273.0,85260.0,25.0
11425.0,85048.0,25.0
3041.0,0.0,17.0
10713.0,0.0,13.0
5703.0,86160.0,
2894.0,86149.0,18.0
1155.0,84900.0,
8361.0,84780.0,22.0
4009.0,84300.0,
3395.0,84900.0,19.0
2385.0,82800.0,25.0
2678.0,84720.0,25.0
1586.0,85236.0,22.0
3160.0,84840.0,18.0
2965.0,83280.0,
5140.0,85020.0,25.0
45176.0,86100.0,17.0
15786.0,85500.0,12.0
5964.0,82907.0,
1475.0,83700.0,18.0
2531.0,83880.0,24.0
1990.0,83100.0,23.0
1339.0,0.0,14.0
18898.0,85449.0,12.0
6219.0,83280.0,29.0
32085.0,85440.0,25.0
2743.0,77700.0,23.0
6181.0,82800.0,22.0
29558.0,82839.0,18.0
2714.0,0.0,
1812.0,84780.0,12.0
4278.0,82800.0,25.0
3292.0,80280.0,2.0
2137.0,85399.0,25.0
3119.0,85113.0,17.0
3621.0,84579.0,
2571.0,85320.0,12.0
2218.0,0.0,12.0
2369.0,71630.0,14.0
13114.0,85989.0,
2415.0,83100.0,12.0
7874.0,82800.0,
3070.0,85351.0,25.0
11328.0,86100.0,12.0
5691.0,83700.0,23.0
3515.0,85732.0,
3732.0,85489.0,
8046.0,83700.0,18.0
2599.0,85500.0,18.0
6247.0,85800.0,12.0
3962.0,85017.0,
2298.0,0.0,25.0
2076.0,82620.0,2.0
3151.0,82738.0,
2527.0,82380.0,
2842.0,84240.0,22.0
1606.0,82800.0,
29268.0,85740.0,
5600.0,85860.0,23.0
3176.0,84703.0,14.0
10469.0,82800.0,
12319.0,86046.0,
24076.0,85800.0,18.0
9240.0,79860.0,
942.0,84900.0,18.0
4682.0,84600.0,
2868.0,84667.0,18.0
5690.0,85800.0,
1904.0,85942.0,
6802.0,84242.0,
15884.0,84789.0,
4155.0,85718.0,22.0
26056.0,84600.0,18.0
19811.0,84600.0,22.0
3218.0,84600.0,25.0
4190.0,82500.0,25.0
4211.0,85020.0,25.0
44241.0,77352.0,22.0
6878.0,85576.0,23.0
4278.0,82800.0,
1959.0,85620.0,12.0
2685.0,0.0,
2766.0,86207.0,12.0
15193.0,84000.0,
6299.0,85500.0,12.0
10645.0,85500.0,5.0
1657.0,82080.0,24.0
2118.0,81900.0,12.0
12685.0,85380.0,17.0
10424.0,86280.0,3.0
5742.0,84900.0,21.0
5051.0,82500.0,
6108.0,83700.0,
3144.0,81766.0,
10548.0,83700.0,18.0
23096.0,86100.0,12.0
2555.0,84480.0,25.0
6978.0,84300.0,24.0
1575.0,84512.0,22.0
2860.0,82200.0,25.0
3187.0,85500.0,
2201.0,85800.0,17.0
1958.0,53100.0,29.0
2779.0,84600.0,12.0
2120.0,83700.0,2.0
3044.0,85693.0,24.0
5488.0,83640.0,18.0
1716.0,83100.0,18.0
14449.0,86100.0,25.0
1809.0,85500.0,29.0
802.0,85740.0,22.0
1430.0,86100.0,13.0
6353.0,84600.0,12.0
2763.0,84840.0,18.0
3728.0,84900.0,13.0
3591.0,86146.0,
5924.0,84600.0,18.0
7215.0,84540.0,25.0
7558.0,84600.0,25.0
2808.0,82800.0,17.0
1501.0,80700.0,
1117.0,85800.0,2.0
11830.0,84600.0,25.0
4898.0,82080.0,18.0
23428.0,84060.0,
2921.0,82800.0,25.0
2326.0,86220.0,23.0
3345.0,85140.0,12.0
2183.0,85500.0,17.0
2605.0,83993.0,29.0
4711.0,84600.0,18.0
5109.0,85080.0,18.0
18735.0,84892.0,18.0
11442.0,83700.0,18.0
2364.0,85680.0,2.0
5870.0,86100.0,
1008.0,83760.0,13.0
4419.0,85200.0,24.0
1666.0,65729.0,18.0
2439.0,82800.0,12.0
3048.0,84600.0,16.0
2206.0,85834.0,18.0
4127.0,85080.0,9.0
4339.0,0.0,
5704.0,83403.0,1.0
2781.0,86336.0,25.0
5092.0,83700.0,22.0
3684.0,85500.0,22.0
3907.0,84600.0,23.0
31950.0,85500.0,25.0
3227.0,85980.0,22.0
3992.0,84900.0,24.0
2201.0,79201.0,19.0
8183.0,83520.0,
2446.0,85800.0,25.0
1979.0,84600.0,25.0
6697.0,85684.0,12.0
3661.0,84300.0,23.0
2390.0,81600.0,2.0
1695.0,84900.0,22.0
8138.0,86370.0,6.0
4911.0,53880.0,22.0
3442.0,82800.0,25.0
1571.0,85804.0,3.0
5914.0,85920.0,12.0
2631.0,83220.0,23.0
10353.0,84000.0,22.0
2153.0,83100.0,8.0
2491.0,67980.0,12.0
2752.0,85427.0,12.0
14407.0,86100.0,22.0
15870.0,85980.0,25.0
5957.0,77993.0,
4652.0,83040.0,26.0
12987.0,81889.0,12.0
1883.0,83100.0,18.0
1922.0,84900.0,25.0
3560.0,84856.0,7.0
17068.0,86283.0,23.0
7160.0,84733.0,
6856.0,77400.0,4.0
2704.0,84600.0,22.0
2066.0,85200.0,19.0
6664.0,85800.0,18.0
2792.0,85500.0,
3006.0,84660.0,12.0
1942.0,83983.0,12.0
3477.0,84600.0,18.0
2076.0,85320.0,12.0
1526.0,50760.0,25.0
2640.0,85500.0,23.0
2132.0,84638.0,25.0
2738.0,85308.0,25.0
1575.0,82800.0,2.0
2707.0,86220.0,12.0
2293.0,84600.0,22.0
2782.0,85500.0,12.0
9520.0,83400.0,22.0
8962.0,85800.0,18.0
5180.0,85080.0,22.0
5203.0,85848.0,23.0
1285.0,85800.0,18.0
2058.0,84840.0,19.0
7201.0,82800.0,12.0
1246.0,55649.0,
8670.0,86100.0,18.0
5159.0,85200.0,24.0
4166.0,83700.0,12.0
1997.0,0.0,12.0
14081.0,86100.0,
4911.0,84900.0,6.0
5169.0,84000.0,2.0
10127.0,84360.0,22.0
5478.0,78600.0,23.0
7264.0,84000.0,12.0
3884.0,86220.0,17.0
7419.0,84867.0,
1800.0,85980.0,
3884.0,84600.0,25.0
14426.0,86280.0,
1990.0,0.0,23.0
5085.0,78000.0,
1262.0,62838.0,12.0
2284.0,84900.0,22.0
6704.0,84253.0,
5092.0,85924.0,18.0
8262.0,85440.0,18.0
7077.0,82860.0,12.0
1603.0,83970.0,20.0
1966.0,46800.0,2.0
1849.0,0.0,16.0
7323.0,86100.0,5.0
1615.0,85500.0,22.0
2854.0,84515.0,12.0
3976.0,85320.0,12.0
968.0,84600.0,12.0
9821.0,82380.0,2.0
6803.0,86100.0,6.0
1746.0,84300.0,25.0
28707.0,84900.0,12.0
7539.0,86100.0,12.0
1020.0,83667.0,25.0
1922.0,86100.0,25.0
8360.0,86100.0,25.0
1774.0,85920.0,23.0
17213.0,82500.0,25.0
1333.0,85800.0,25.0
2370.0,82800.0,23.0
2619.0,85691.0,12.0
23243.0,81480.0,12.0
5310.0,85800.0,18.0
4626.0,66600.0,25.0
2575.0,84600.0,25.0
3835.0,82380.0,18.0
1486.0,82680.0,18.0
1420.0,84180.0,16.0
7624.0,84300.0,23.0
2140.0,85020.0,
6684.0,82947.0,
2431.0,86100.0,2.0
2351.0,84600.0,17.0
37212.0,82200.0,
6767.0,61157.0,
3040.0,86120.0,12.0
6841.0,78000.0,
18040.0,84840.0,12.0
4214.0,84600.0,
5324.0,83781.0,
1358.0,84600.0,23.0
7228.0,83700.0,
9183.0,86042.0,
2697.0,84600.0,25.0
3068.0,85800.0,22.0
15254.0,85500.0,25.0
7372.0,85560.0,1.0
3089.0,86039.0,
3036.0,84780.0,25.0
870.0,83280.0,2.0
23095.0,84720.0,12.0
3002.0,86100.0,19.0
3945.0,85500.0,20.0
2459.0,85500.0,23.0
11548.0,85800.0,14.0
2030.0,84983.0,12.0
3788.0,84300.0,
1996.0,82800.0,2.0
2602.0,85320.0,22.0
1864.0,0.0,26.0
12269.0,0.0,24.0
8162.0,85380.0,1.0
15248.0,83340.0,12.0
13645.0,84000.0,19.0
8915.0,85980.0,1.0
2999.0,85800.0,
6922.0,85800.0,18.0
37627.0,85412.0,
2356.0,85918.0,
3499.0,83700.0,19.0
1991.0,85320.0,17.0
3614.0,85320.0,18.0
2285.0,85076.0,8.0
563.0,86100.0,29.0
7908.0,85140.0,2.0
5154.0,84420.0,19.0
94425.0,82860.0,19.0
8746.0,85200.0,13.0
2984.0,80940.0,20.0
3085.0,83880.0,24.0
2037.0,85440.0,22.0
6633.0,0.0,
2413.0,82800.0,18.0
7023.0,86100.0,
11583.0,83400.0,19.0
1697.0,0.0,18.0
18146.0,86160.0,
15349.0,86039.0,
1903.0,86332.0,22.0
2312.0,85200.0,13.0
2727.0,86344.0,
3852.0,82380.0,22.0
5068.0,84120.0,18.0
1936.0,84474.0,18.0
9625.0,86100.0,24.0
2882.0,85200.0,25.0
2472.0,84960.0,22.0
3276.0,85532.0,3.0
4277.0,85680.0,
5273.0,84300.0,18.0
10306.0,84900.0,16.0
8165.0,0.0,12.0
6574.0,83700.0,13.0
2107.0,83700.0,18.0
2198.0,84000.0,25.0
7476.0,85320.0,23.0
5371.0,85800.0,18.0
6603.0,86233.0,
6825.0,85620.0,19.0
5487.0,86352.0,
3036.0,85200.0,25.0
5141.0,85476.0,22.0
2922.0,85581.0,25.0
2552.0,83400.0,17.0
7166.0,83220.0,1.0
1796.0,84600.0,3.0
3719.0,84587.0,18.0
18744.0,83380.0,
4283.0,83400.0,6.0
4320.0,85500.0,7.0
2111.0,84000.0,18.0
9300.0,86100.0,18.0
3035.0,85235.0,25.0
3927.0,83100.0,9.0
17201.0,81000.0,25.0
5000.0,85860.0,18.0
2294.0,82800.0,23.0
2272.0,84780.0,18.0
4909.0,85929.0,2.0
2828.0,0.0,24.0
3760.0,86040.0,8.0
2544.0,49510.0,22.0
4171.0,84360.0,17.0
2262.0,86100.0,25.0
16023.0,85601.0,22.0
3148.0,85080.0,18.0
2661.0,84600.0,19.0
2875.0,82500.0,
2887.0,85371.0,
21885.0,85920.0,
7383.0,84897.0,17.0
4163.0,83580.0,22.0
20940.0,84600.0,12.0
1980.0,83100.0,18.0
2377.0,86100.0,25.0
2374.0,85500.0,25.0
90135.0,84300.0,13.0
2071.0,84600.0,25.0
1890.0,86340.0,22.0
4858.0,84900.0,22.0
1777.0,85500.0,
2929.0,86040.0,19.0
4476.0,85464.0,29.0
12529.0,78533.0,12.0
4286.0,81900.0,24.0
10354.0,83340.0,14.0
2243.0,84600.0,17.0
2821.0,86100.0,25.0
2064.0,82800.0,28.0
2940.0,84902.0,24.0
725.0,0.0,13.0
1510.0,84720.0,22.0
11861.0,86100.0,12.0
28374.0,85800.0,17.0
2770.0,82500.0,8.0
2530.0,85500.0,2.0
2646.0,86040.0,
5379.0,85200.0,19.0
2709.0,85620.0,25.0
2751.0,82920.0,25.0
1888.0,84900.0,22.0
3125.0,85680.0,2.0
25714.0,82800.0,25.0
12705.0,84000.0,22.0
9441.0,83100.0,25.0
2051.0,0.0,19.0
2648.0,85921.0,17.0
29130.0,84900.0,
1827.0,0.0,4.0
3028.0,83280.0,12.0
3642.0,84600.0,12.0
4355.0,85800.0,12.0
3343.0,86100.0,24.0
2241.0,84600.0,30.0
3407.0,83400.0,7.0
11920.0,86299.0,
2314.0,85500.0,24.0
3562.0,82188.0,26.0
2593.0,78300.0,1.0
4710.0,83700.0,3.0
11082.0,82800.0,17.0
2177.0,0.0,25.0
4613.0,81900.0,12.0
1510.0,85500.0,12.0
1009.0,82500.0,25.0
1819.0,86160.0,15.0
2551.0,82800.0,
3438.0,84915.0,24.0
3084.0,83700.0,22.0
2787.0,81780.0,
2851.0,85200.0,
4133.0,83100.0,14.0
1296.0,84840.0,
4052.0,76294.0,
4642.0,58080.0,25.0
7423.0,83197.0,
2804.0,82980.0,17.0
5469.0,85320.0,25.0
3333.0,86279.0,
21070.0,85512.0,
1560.0,84300.0,12.0
8287.0,84600.0,25.0
5966.0,82920.0,
2033.0,84900.0,26.0
1951.0,85500.0,
3438.0,84840.0,25.0
3633.0,82800.0,25.0
15391.0,82800.0,12.0
3339.0,86340.0,12.0
2110.0,84134.0,24.0
2356.0,84947.0,
6379.0,84780.0,
7913.0,76161.0,24.0
5506.0,85200.0,4.0
20218.0,85920.0,25.0
1488.0,82800.0,10.0
3256.0,84660.0,22.0
2609.0,85797.0,18.0
6316.0,85740.0,18.0
2345.0,82800.0,2.0
5749.0,85440.0,12.0
2007.0,82798.0,25.0
2075.0,55680.0,23.0
2728.0,85140.0,24.0
2798.0,83100.0,25.0
4779.0,81803.0,
6097.0,86220.0,22.0
3141.0,84600.0,23.0
9380.0,85560.0,
2095.0,82800.0,25.0
1868.0,83400.0,1.0
2061.0,81480.0,24.0
3833.0,85147.0,
3395.0,84540.0,19.0
3057.0,84996.0,18.0
1925.0,82800.0,17.0
2374.0,83100.0,2.0
7360.0,81840.0,15.0
5192.0,82800.0,19.0
1911.0,84600.0,23.0
11316.0,85440.0,1.0
1852.0,82800.0,16.0
2269.0,83700.0,25.0
5405.0,85800.0,19.0
1746.0,84900.0,12.0
5157.0,84785.0,25.0
3208.0,77182.0,22.0
4792.0,86241.0,
1890.0,85200.0,12.0
44837.0,85080.0,18.0
11225.0,82800.0,22.0
1482.0,85440.0,23.0
6642.0,83100.0,18.0
4293.0,85020.0,12.0
4242.0,84660.0,
2027.0,83391.0,25.0
5044.0,84900.0,25.0
9870.0,85440.0,25.0
1848.0,83208.0,24.0
17567.0,85800.0,12.0
6172.0,54840.0,25.0
61227.0,84600.0,18.0
3714.0,0.0,19.0
6000.0,86220.0,
2331.0,82800.0,12.0
1960.0,86226.0,25.0
2922.0,82800.0,22.0
19427.0,82500.0,25.0
2151.0,86368.0,
4384.0,84300.0,
9895.0,83700.0,
1741.0,85768.0,
2866.0,85980.0,12.0
6832.0,83157.0,
2103.0,84853.0,19.0
3573.0,84600.0,2.0
2587.0,84300.0,25.0
14707.0,63000.0,
6127.0,78186.0,
2239.0,0.0,22.0
2050.0,85200.0,23.0
2717.0,84180.0,18.0
2697.0,78300.0,12.0
6018.0,85500.0,25.0
2622.0,86399.0,19.0
4208.0,86220.0,25.0
1599.0,85800.0,25.0
3173.0,53880.0,17.0
8781.0,84600.0,
48829.0,83520.0,12.0
2289.0,84900.0,18.0
7308.0,85800.0,17.0
4555.0,85020.0,19.0
1902.0,85860.0,25.0
5445.0,85980.0,8.0
6125.0,78000.0,
2443.0,85080.0,25.0
3145.0,85620.0,25.0
1103.0,84600.0,22.0
6039.0,85380.0,
3052.0,85080.0,18.0
3564.0,83700.0,12.0
12278.0,85200.0,22.0
7220.0,86220.0,12.0
8960.0,84000.0,22.0
3607.0,86220.0,2.0
2409.0,80078.0,
15739.0,81900.0,
3476.0,86100.0,
2196.0,85200.0,13.0
5518.0,83400.0,18.0
1943.0,0.0,12.0
3058.0,85980.0,2.0
2749.0,83700.0,16.0
15242.0,83100.0,25.0
1983.0,84360.0,17.0
2432.0,54917.0,2.0
11064.0,78040.0,
1471.0,85140.0,7.0
3024.0,83977.0,23.0
1644.0,86220.0,17.0
7944.0,0.0,21.0
1383.0,84900.0,12.0
2632.0,84780.0,22.0
6459.0,85200.0,18.0
2114.0,85500.0,17.0
7478.0,86220.0,12.0
2305.0,85800.0,18.0
3253.0,85800.0,
2358.0,85500.0,19.0
6216.0,82800.0,5.0
25297.0,84600.0,14.0
1711.0,83340.0,22.0
2155.0,84000.0,6.0
2359.0,83700.0,24.0
2860.0,84480.0,18.0
6705.0,0.0,18.0
3199.0,85800.0,25.0
2615.0,85800.0,12.0
5019.0,82800.0,26.0
2147.0,83820.0,25.0
5744.0,86340.0,5.0
1858.0,83220.0,22.0
4226.0,83387.0,
12014.0,85800.0,25.0
5857.0,83940.0,
3794.0,85449.0,12.0
8681.0,84420.0,1.0
3456.0,82860.0,25.0
1951.0,85560.0,12.0
20394.0,84600.0,22.0
4298.0,84600.0,
4911.0,84600.0,17.0
6613.0,84300.0,25.0
4276.0,84360.0,22.0
5641.0,84300.0,22.0
1373.0,85800.0,22.0
2166.0,86160.0,22.0
3016.0,86040.0,12.0
11575.0,84900.0,
11732.0,64680.0,
9105.0,86100.0,
3164.0,86090.0,22.0
3250.0,83220.0,12.0
5887.0,81300.0,16.0
9175.0,85500.0,
6914.0,85800.0,8.0
1129.0,86220.0,22.0
2018.0,83400.0,18.0
11797.0,81857.0,28.0
3053.0,83460.0,25.0
2986.0,83580.0,25.0
1410.0,86100.0,25.0
4745.0,85066.0,23.0
1444.0,83100.0,25.0
3319.0,84063.0,19.0
3957.0,85560.0,25.0
11825.0,78000.0,
3567.0,83700.0,17.0
3110.0,82862.0,22.0
5623.0,85800.0,
10659.0,52228.0,
4980.0,86253.0,
2932.0,0.0,
4746.0,85680.0,8.0
4745.0,82500.0,21.0
7271.0,49200.0,9.0
2619.0,84047.0,
5461.0,82438.0,23.0
3212.0,85069.0,18.0
5072.0,67329.0,17.0
2983.0,80880.0,12.0
2893.0,86280.0,25.0
21249.0,85800.0,12.0
2154.0,83040.0,23.0
22498.0,84600.0,12.0
3137.0,86280.0,3.0
25078.0,85200.0,17.0
5803.0,83668.0,25.0
1990.0,84790.0,
3680.0,83434.0,24.0
4321.0,86100.0,25.0
13440.0,82497.0,12.0
4264.0,83280.0,25.0
1794.0,85483.0,24.0
2943.0,84420.0,25.0
22724.0,85625.0,19.0
7552.0,82980.0,18.0
2118.0,82800.0,25.0
11429.0,85535.0,
2243.0,53100.0,12.0
1680.0,85474.0,22.0
1966.0,86100.0,24.0
2323.0,84600.0,25.0
9121.0,72492.0,18.0
4560.0,84600.0,25.0
2432.0,83700.0,
2956.0,85200.0,16.0
412.0,84900.0,25.0
4769.0,85680.0,12.0
1144.0,85560.0,25.0
10138.0,0.0,
5123.0,82800.0,
2718.0,51009.0,24.0
43515.0,85080.0,18.0
6157.0,83580.0,25.0
4784.0,85800.0,4.0
1450.0,84600.0,19.0
1893.0,85800.0,25.0
2801.0,66458.0,16.0
1898.0,84303.0,29.0
3811.0,85500.0,18.0
2818.0,85560.0,25.0
1783.0,85320.0,22.0
10239.0,85800.0,25.0
977.0,83400.0,23.0
17913.0,84660.0,8.0
2515.0,83700.0,22.0
4658.0,81900.0,17.0
8561.0,84480.0,12.0
4208.0,83686.0,25.0
3730.0,85500.0,2.0
7523.0,85162.0,22.0
2772.0,82800.0,26.0
1786.0,84600.0,18.0
1921.0,86040.0,
1781.0,83100.0,20.0
3491.0,84540.0,17.0
5250.0,84660.0,12.0
2481.0,84840.0,13.0
3201.0,85864.0,12.0
2345.0,0.0,16.0
5806.0,81720.0,17.0
1987.0,0.0,12.0
18235.0,84780.0,
2168.0,86014.0,12.0
22250.0,84425.0,13.0
1402.0,85080.0,22.0
5528.0,83400.0,20.0
6965.0,64920.0,26.0
9410.0,84793.0,19.0
2703.0,84600.0,7.0
3484.0,83720.0,22.0
2870.0,85111.0,
20967.0,84600.0,18.0
7542.0,0.0,2.0
3779.0,85800.0,3.0
5735.0,82500.0,
14440.0,85282.0,12.0
3159.0,85020.0,22.0
1181.0,85500.0,24.0
3433.0,84250.0,29.0
12204.0,85020.0,18.0
570.0,85800.0,25.0
3317.0,85500.0,18.0
3134.0,85860.0,
2173.0,84600.0,
8431.0,53100.0,19.0
4461.0,85028.0,
2796.0,0.0,8.0
1672.0,85479.0,12.0
8377.0,85380.0,4.0
2870.0,84600.0,18.0
15714.0,86110.0,4.0
2578.0,0.0,18.0
2131.0,84459.0,23.0
8996.0,83700.0,17.0
5718.0,82020.0,8.0
2666.0,85633.0,23.0
5658.0,84420.0,22.0
8114.0,86160.0,18.0
2519.0,85638.0,
7900.0,84660.0,25.0
1618.0,85380.0,
2462.0,83760.0,22.0
7624.0,83100.0,2.0
1354.0,85800.0,29.0
9717.0,85500.0,12.0
6633.0,84120.0,23.0
9735.0,86139.0,25.0
2479.0,85200.0,18.0
2427.0,83340.0,3.0
3704.0,81000.0,25.0
7901.0,86340.0,18.0
5647.0,82842.0,
1581.0,85500.0,29.0
1648.0,84600.0,12.0
1430.0,86036.0,26.0
1999.0,81060.0,16.0
2921.0,84660.0,25.0
102778.0,82860.0,
2829.0,85500.0,25.0
4043.0,83520.0,21.0
4569.0,86026.0,22.0
2576.0,85680.0,13.0
5369.0,82800.0,25.0
4017.0,84900.0,23.0
908.0,86106.0,25.0
4679.0,0.0,1.0
4490.0,78000.0,
2185.0,86100.0,23.0
2362.0,81708.0,22.0
7030.0,84600.0,25.0
8400.0,81607.0,
7680.0,83700.0,25.0
2258.0,84180.0,18.0
3376.0,85020.0,19.0
3359.0,82255.0,
10453.0,85598.0,18.0
1663.0,0.0,24.0
1631.0,86220.0,30.0
3063.0,84600.0,18.0
3090.0,84600.0,
14991.0,0.0,23.0
1570.0,85200.0,22.0
2114.0,83940.0,12.0
3355.0,84000.0,19.0
1696.0,0.0,12.0
7270.0,85200.0,17.0
11552.0,85053.0,17.0
1849.0,82800.0,20.0
2193.0,0.0,12.0
2461.0,84180.0,12.0
1850.0,85500.0,23.0
9063.0,82800.0,6.0
3251.0,84600.0,25.0
1834.0,86024.0,25.0
2889.0,0.0,23.0
2317.0,84060.0,22.0
13637.0,84600.0,19.0
2210.0,84900.0,12.0
13089.0,84180.0,3.0
3041.0,84300.0,
1780.0,85320.0,25.0
2807.0,86052.0,18.0
2867.0,86389.0,4.0
1730.0,85980.0,3.0
2258.0,84960.0,8.0
2122.0,84900.0,18.0
10804.0,84563.0,19.0
8555.0,85100.0,
5849.0,78000.0,
2239.0,51300.0,25.0
3110.0,84720.0,18.0
1469.0,82800.0,26.0
5879.0,0.0,22.0
2243.0,85200.0,22.0
1452.0,85800.0,
2203.0,82800.0,19.0
23170.0,85797.0,
4594.0,85200.0,14.0
11006.0,50400.0,
2040.0,84960.0,19.0
14136.0,0.0,
2863.0,83100.0,
3132.0,85380.0,16.0
3354.0,85500.0,22.0
2218.0,86256.0,25.0
27754.0,86160.0,10.0
3804.0,82980.0,25.0
1670.0,85500.0,23.0
5057.0,0.0,25.0
2615.0,84480.0,1.0
4305.0,77968.0,18.0
2994.0,85500.0,25.0
1994.0,86100.0,3.0
3536.0,85920.0,25.0
2452.0,0.0,4.0
1889.0,85927.0,18.0
3099.0,85560.0,
4704.0,86121.0,25.0
14750.0,85680.0,23.0
9074.0,85500.0,
1646.0,85239.0,22.0
3674.0,82846.0,
3226.0,82500.0,23.0
3616.0,85620.0,17.0
2868.0,83700.0,
4262.0,85877.0,
3285.0,78754.0,23.0
3221.0,86340.0,8.0
5802.0,82591.0,12.0
13920.0,85891.0,25.0
2735.0,85200.0,12.0
5227.0,86292.0,
3106.0,85697.0,18.0
2834.0,85380.0,
2176.0,85200.0,20.0
9897.0,83100.0,23.0
16724.0,81596.0,4.0
5043.0,82705.0,2.0
3100.0,0.0,19.0
4735.0,82680.0,17.0
5325.0,0.0,
3996.0,84654.0,25.0
1362.0,84621.0,4.0
3799.0,82800.0,
5961.0,83580.0,25.0
3719.0,82920.0,12.0
9209.0,85680.0,25.0
6161.0,83764.0,23.0
9198.0,84960.0,
4847.0,86273.0,18.0
3400.0,85794.0,
2908.0,84600.0,12.0
13992.0,85800.0,25.0
3424.0,84600.0,22.0
2153.0,84780.0,29.0
4481.0,84000.0,12.0
3580.0,85004.0,
2672.0,83520.0,19.0
1937.0,86220.0,
19994.0,84600.0,1.0
4950.0,77640.0,23.0
17726.0,83100.0,18.0
2781.0,85646.0,25.0
1117.0,85800.0,6.0
21046.0,84960.0,18.0
1294.0,85843.0,16.0
2689.0,76800.0,12.0
7901.0,0.0,23.0
3943.0,82380.0,23.0
1572.0,86220.0,6.0
3650.0,0.0,23.0
1362.0,78480.0,13.0
10587.0,85200.0,25.0
1687.0,82800.0,
11500.0,84600.0,25.0
2362.0,85500.0,22.0
4552.0,84300.0,13.0
1841.0,85968.0,18.0
2443.0,82769.0,
5417.0,84000.0,19.0
2186.0,85147.0,23.0
4288.0,78000.0,25.0
3047.0,85488.0,25.0
2896.0,83400.0,25.0
32924.0,0.0,12.0
31069.0,83790.0,1.0
3418.0,85620.0,25.0
4169.0,84600.0,23.0
3131.0,86340.0,25.0
7075.0,82200.0,12.0
18478.0,84000.0,18.0
4638.0,0.0,4.0
2022.0,86220.0,12.0
2764.0,0.0,2.0
3842.0,85560.0,24.0
7380.0,82752.0,19.0
6215.0,78600.0,
2816.0,85200.0,25.0
6840.0,83580.0,23.0
3649.0,85800.0,25.0
3257.0,84900.0,25.0
4407.0,85620.0,8.0
2548.0,52200.0,24.0
31907.0,85500.0,22.0
1795.0,85810.0,12.0
4068.0,82800.0,25.0
3681.0,85200.0,25.0
1781.0,84823.0,25.0
3277.0,85320.0,22.0
5095.0,85200.0,23.0
3951.0,84000.0,25.0
3115.0,82440.0,26.0
3386.0,83700.0,6.0
3280.0,84900.0,
4616.0,84360.0,25.0
1741.0,86220.0,13.0
1425.0,85791.0,
24335.0,84900.0,25.0
5825.0,83100.0,18.0
8488.0,84600.0,22.0
3429.0,86100.0,2.0
4239.0,86220.0,18.0
1686.0,85800.0,25.0
3792.0,81060.0,12.0
2896.0,83700.0,23.0
2467.0,85500.0,18.0
2289.0,83100.0,
1899.0,85632.0,7.0
3106.0,84992.0,19.0
9048.0,79503.0,2.0
2749.0,84900.0,12.0
4302.0,84000.0,
2236.0,85200.0,12.0
6036.0,85800.0,25.0
5742.0,83880.0,12.0
3213.0,82800.0,13.0
1246.0,0.0,25.0
1945.0,84600.0,16.0
1430.0,81180.0,18.0
4284.0,84300.0,8.0
3643.0,84600.0,23.0
2790.0,86153.0,11.0
28688.0,84060.0,18.0
1513.0,85500.0,1.0
3738.0,0.0,
1887.0,86068.0,23.0
2133.0,86100.0,22.0
10681.0,82800.0,
1031.0,83264.0,6.0
2776.0,85320.0,23.0
7235.0,85684.0,
6039.0,85320.0,26.0
4456.0,85500.0,20.0
2404.0,0.0,16.0
1572.0,81120.0,
7382.0,85800.0,25.0
2062.0,84900.0,1.0
9581.0,0.0,26.0
2359.0,82765.0,
2140.0,0.0,12.0
5895.0,84600.0,18.0
1813.0,86019.0,2.0
5796.0,85020.0,12.0
8626.0,82857.0,
1698.0,84600.0,14.0
2473.0,84300.0,18.0
10370.0,82178.0,26.0
2416.0,85800.0,25.0
1404.0,83300.0,22.0
19513.0,80880.0,19.0
2825.0,85200.0,12.0
3584.0,86100.0,25.0
2335.0,0.0,
2938.0,83393.0,23.0
3835.0,82260.0,
4830.0,82860.0,2.0
16979.0,84600.0,18.0
1073.0,83066.0,25.0
3088.0,84900.0,23.0
5241.0,81600.0,25.0
5768.0,84900.0,25.0
4370.0,84420.0,23.0
4825.0,83400.0,12.0
3106.0,0.0,6.0
2806.0,84213.0,
15004.0,84300.0,18.0
47595.0,85080.0,25.0
1793.0,82800.0,25.0
4236.0,0.0,13.0
5419.0,84840.0,
6852.0,85800.0,12.0
1961.0,81840.0,
5069.0,82800.0,4.0
20479.0,84958.0,
3963.0,85620.0,17.0
3005.0,85440.0,
5126.0,83280.0,12.0
13798.0,81720.0,
3609.0,86217.0,
8910.0,85800.0,12.0
3163.0,82800.0,25.0
4305.0,82800.0,18.0
3218.0,69088.0,18.0
2952.0,84240.0,
6371.0,85020.0,12.0
2540.0,84300.0,12.0
2348.0,85800.0,17.0
19021.0,84000.0,13.0
8091.0,85020.0,18.0
2964.0,86100.0,19.0
2655.0,85800.0,25.0
3681.0,84900.0,21.0
2342.0,84900.0,14.0
7256.0,85132.0,
3092.0,85952.0,22.0
2258.0,0.0,
2501.0,84300.0,20.0
3477.0,84900.0,26.0
2349.0,60341.0,25.0
8183.0,82800.0,25.0
37032.0,80044.0,23.0
4305.0,84540.0,25.0
2165.0,85440.0,23.0
3809.0,83820.0,
1478.0,84600.0,30.0
2662.0,85800.0,3.0
2228.0,86096.0,
17946.0,84540.0,18.0
4566.0,80690.0,16.0
6449.0,54480.0,23.0
1174.0,85477.0,18.0
1486.0,85800.0,6.0
1774.0,84478.0,23.0
5225.0,85200.0,2.0
14081.0,82800.0,
2709.0,85365.0,2.0
2041.0,84900.0,1.0
7694.0,84600.0,
6051.0,82800.0,25.0
2625.0,85623.0,
2582.0,57304.0,25.0
9570.0,85759.0,
7911.0,84900.0,23.0
2001.0,82800.0,8.0
2199.0,86280.0,
1726.0,0.0,22.0
3416.0,85500.0,12.0
2308.0,84660.0,7.0
2142.0,80820.0,21.0
24238.0,82800.0,22.0
3389.0,84780.0,1.0
3142.0,84982.0,29.0
2016.0,85800.0,
3054.0,85500.0,19.0
3040.0,56400.0,19.0
2591.0,85740.0,25.0
1605.0,86280.0,22.0
4520.0,86111.0,
4338.0,52200.0,26.0
8751.0,85570.0,
4965.0,85800.0,19.0
2659.0,85800.0,22.0
1875.0,83700.0,25.0
18390.0,84000.0,
4875.0,85784.0,
2041.0,84480.0,
2779.0,85800.0,12.0
2032.0,84600.0,25.0
2897.0,85248.0,
5564.0,85036.0,7.0
1449.0,85631.0,22.0
3181.0,78013.0,
4328.0,81152.0,22.0
1685.0,84600.0,29.0
1923.0,85740.0,25.0
20655.0,84900.0,
2164.0,85800.0,19.0
16373.0,82800.0,18.0
1284.0,82800.0,30.0
1280.0,0.0,
2015.0,84840.0,25.0
5610.0,0.0,23.0
2126.0,85162.0,23.0
1280.0,84900.0,25.0
4626.0,86220.0,
1896.0,84900.0,19.0
55515.0,85140.0,
2808.0,84960.0,23.0
3992.0,85500.0,12.0
2799.0,86100.0,24.0
1347.0,85869.0,12.0
3593.0,52800.0,18.0
4545.0,85200.0,18.0
2300.0,83700.0,24.0
2295.0,85560.0,25.0
3710.0,84900.0,8.0
3666.0,85844.0,18.0
54597.0,84897.0,17.0
2274.0,84420.0,17.0
4496.0,77974.0,18.0
3839.0,83400.0,16.0
15519.0,84780.0,12.0
2096.0,0.0,
3185.0,84871.0,
1899.0,84600.0,12.0
2111.0,84900.0,19.0
4169.0,85080.0,18.0
2531.0,86340.0,24.0
5620.0,84660.0,23.0
1956.0,86380.0,12.0
2343.0,82800.0,18.0
1786.0,77340.0,12.0
1164.0,85800.0,25.0
8436.0,85667.0,
2164.0,82560.0,
4720.0,83606.0,24.0
2886.0,85500.0,26.0
6472.0,84000.0,
2714.0,85494.0,6.0
2830.0,83756.0,
1625.0,86132.0,
1725.0,86040.0,24.0
28791.0,85800.0,3.0
1172.0,85116.0,25.0
3107.0,84155.0,
17954.0,85500.0,
3288.0,0.0,25.0
2643.0,82800.0,22.0
3969.0,54899.0,12.0
8836.0,84600.0,25.0
3065.0,83040.0,25.0
1803.0,85089.0,17.0
18686.0,85200.0,23.0
11543.0,83700.0,2.0
3095.0,81600.0,8.0
4760.0,83387.0,25.0
5047.0,85067.0,
3540.0,84045.0,18.0
2477.0,56640.0,25.0
1912.0,84300.0,4.0
3993.0,85500.0,1.0
2464.0,83220.0,
1944.0,84600.0,18.0
32081.0,80700.0,17.0
3732.0,81300.0,12.0
11234.0,84000.0,
4234.0,83700.0,17.0
1846.0,0.0,12.0
1366.0,82800.0,25.0
8876.0,84900.0,15.0
2609.0,82440.0,9.0
6696.0,84600.0,17.0
1376.0,86340.0,24.0
1581.0,85500.0,18.0
1497.0,82799.0,12.0
3237.0,85156.0,22.0
6498.0,84007.0,1.0
1207.0,86083.0,1.0
3330.0,84600.0,
15527.0,83700.0,26.0
1176.0,82800.0,12.0
2900.0,85380.0,4.0
2500.0,84936.0,12.0
4080.0,43620.0,2.0
2670.0,86040.0,
4108.0,86280.0,25.0
4397.0,85534.0,
4934.0,0.0,18.0
17218.0,84900.0,25.0
1867.0,85500.0,18.0
5909.0,86100.0,24.0
6759.0,85556.0,23.0
2819.0,82500.0,3.0
2162.0,85680.0,18.0
7372.0,84622.0,
1585.0,85680.0,19.0
6761.0,84960.0,3.0
5984.0,86021.0,25.0
16311.0,84600.0,22.0
6488.0,85380.0,6.0
2667.0,85500.0,18.0
2501.0,73779.0,22.0
11266.0,84120.0,2.0
4469.0,84423.0,
14964.0,0.0,25.0
2483.0,85410.0,
4540.0,85605.0,25.0
1626.0,85800.0,14.0
2568.0,85500.0,24.0
4991.0,0.0,24.0
2014.0,84420.0,2.0
7147.0,85569.0,
16246.0,85790.0,2.0
9502.0,83528.0,
11357.0,82860.0,
338.0,85860.0,18.0
22444.0,85328.0,22.0
3950.0,84420.0,23.0
2995.0,86350.0,
1623.0,66120.0,25.0
2409.0,85688.0,
19825.0,85426.0,25.0
2127.0,82200.0,17.0
1960.0,84600.0,13.0
5343.0,86220.0,
1695.0,82800.0,25.0
2796.0,84360.0,23.0
2451.0,84900.0,22.0
2543.0,83700.0,20.0
1927.0,85200.0,22.0
4854.0,82860.0,17.0
10356.0,85800.0,22.0
7725.0,83040.0,12.0
25678.0,85620.0,2.0
1392.0,86306.0,25.0
2815.0,85980.0,
10277.0,85320.0,14.0
7683.0,85500.0,23.0
3095.0,86280.0,
4196.0,84144.0,22.0
5469.0,83820.0,22.0
48496.0,86100.0,
2796.0,85898.0,29.0
1772.0,85200.0,19.0
6455.0,84000.0,23.0
2127.0,86220.0,19.0
5235.0,85173.0,
16109.0,83700.0,18.0
2320.0,84600.0,28.0
4897.0,82830.0,19.0
7259.0,0.0,
2205.0,85787.0,13.0
3215.0,84600.0,5.0
11468.0,85800.0,23.0
10362.0,84000.0,9.0
2323.0,84600.0,13.0
25105.0,84600.0,17.0
3310.0,84960.0,17.0
5632.0,83700.0,
3390.0,85860.0,13.0
2133.0,85500.0,8.0
4526.0,84013.0,
3352.0,79080.0,2.0
6746.0,86280.0,25.0
5201.0,83043.0,25.0
7800.0,82980.0,1.0
1536.0,85784.0,6.0
2100.0,85800.0,22.0
17477.0,85537.0,1.0
5059.0,85200.0,
15706.0,83700.0,25.0
3893.0,86362.0,12.0
2281.0,86100.0,25.0
7499.0,0.0,18.0
5428.0,85500.0,25.0
6094.0,82200.0,25.0
1571.0,86151.0,22.0
2332.0,84720.0,22.0
1619.0,84000.0,12.0
2092.0,85844.0,18.0
4187.0,85200.0,12.0
14075.0,84484.0,
1565.0,84540.0,
5149.0,84360.0,25.0
7935.0,86280.0,
8868.0,82752.0,22.0
3149.0,84660.0,
4603.0,85254.0,
12973.0,84600.0,26.0
6055.0,84300.0,30.0
55502.0,82800.0,25.0
2119.0,84600.0,18.0
2971.0,86160.0,4.0
3948.0,83400.0,
4698.0,83400.0,18.0
2317.0,85800.0,29.0
3461.0,83700.0,18.0
2488.0,82800.0,19.0
2883.0,85500.0,18.0
3853.0,86100.0,17.0
2572.0,84900.0,18.0
1339.0,85500.0,22.0
2598.0,86280.0,25.0
3062.0,85200.0,23.0
3122.0,84600.0,20.0
8857.0,82292.0,23.0
4411.0,85233.0,
14492.0,73800.0,25.0
14294.0,82238.0,18.0
2038.0,84627.0,22.0
10307.0,82800.0,
3893.0,85920.0,18.0
65305.0,84900.0,17.0
4120.0,83174.0,
2574.0,85500.0,
3379.0,85800.0,6.0
2288.0,85380.0,25.0
3127.0,83280.0,7.0
1859.0,83820.0,25.0
2952.0,84900.0,25.0
2116.0,81840.0,2.0
2673.0,81775.0,9.0
2716.0,84000.0,23.0
1597.0,86370.0,25.0
2385.0,84180.0,25.0
6927.0,84600.0,22.0
1606.0,81597.0,
5477.0,82500.0,22.0
1912.0,86197.0,1.0
2762.0,84132.0,14.0
2317.0,84600.0,22.0
2144.0,85980.0,29.0
1817.0,85122.0,17.0
9450.0,82800.0,19.0
1863.0,86100.0,18.0
6173.0,84300.0,1.0
4203.0,82800.0,
3154.0,85860.0,12.0
46537.0,84300.0,15.0
2009.0,86051.0,29.0
1065.0,85501.0,17.0
6127.0,85354.0,18.0
5113.0,86160.0,18.0
2335.0,84864.0,17.0
6662.0,82605.0,
4478.0,84856.0,
2296.0,85320.0,25.0
3177.0,83471.0,25.0
2950.0,85856.0,
4970.0,82200.0,25.0
3457.0,85380.0,25.0
2138.0,83836.0,18.0
2346.0,0.0,25.0
5214.0,84240.0,25.0
10094.0,83742.0,19.0
16402.0,83293.0,
16940.0,84000.0,
3882.0,82500.0,17.0
6374.0,83700.0,23.0
2829.0,77342.0,24.0
26326.0,85200.0,29.0
32314.0,85320.0,25.0
6909.0,85500.0,14.0
2437.0,85588.0,18.0
5009.0,86100.0,26.0
6398.0,85800.0,25.0
9144.0,86220.0,12.0
10209.0,0.0,23.0
2284.0,85800.0,2.0
4918.0,85800.0,24.0
1399.0,0.0,12.0
4692.0,85800.0,12.0
1666.0,85620.0,19.0
3439.0,82200.0,25.0
7978.0,86343.0,
4928.0,84464.0,25.0
6429.0,63466.0,25.0
3408.0,85244.0,19.0
4652.0,82380.0,22.0
11733.0,78000.0,25.0
2764.0,84960.0,23.0
2498.0,85200.0,25.0
4725.0,84480.0,
2166.0,84420.0,25.0
32174.0,85500.0,23.0
4382.0,84604.0,19.0
3147.0,85740.0,25.0
6260.0,83400.0,25.0
5779.0,85200.0,25.0
3029.0,85500.0,25.0
12705.0,0.0,30.0
4861.0,85531.0,
2998.0,85620.0,22.0
3436.0,86147.0,19.0
13560.0,82800.0,12.0
4022.0,79200.0,2.0
1976.0,84900.0,18.0
20866.0,83700.0,25.0
2121.0,86100.0,25.0
7334.0,69896.0,
1874.0,85200.0,24.0
3341.0,84780.0,2.0
4049.0,86185.0,13.0
2313.0,86280.0,
1246.0,0.0,26.0
2139.0,85500.0,12.0
2677.0,0.0,5.0
5294.0,73980.0,13.0
1366.0,85800.0,12.0
5583.0,84652.0,19.0
1946.0,84000.0,25.0
10899.0,85181.0,25.0
3688.0,82800.0,23.0
1186.0,85458.0,
10120.0,85086.0,
11507.0,85800.0,
23290.0,86040.0,
2806.0,83400.0,12.0
2729.0,85715.0,12.0
1671.0,85440.0,25.0
4172.0,84600.0,18.0
2395.0,82811.0,18.0
2330.0,86078.0,23.0
3928.0,85945.0,
20827.0,82800.0,12.0
2280.0,84600.0,25.0
2577.0,86340.0,12.0
3012.0,83520.0,3.0
3081.0,0.0,25.0
6152.0,85033.0,
7612.0,84300.0,12.0
1430.0,0.0,
3947.0,85255.0,12.0
15002.0,85800.0,30.0
1639.0,83400.0,
3921.0,84600.0,17.0
2046.0,82800.0,29.0
1921.0,85841.0,
5478.0,83640.0,18.0
1954.0,86393.0,24.0
2248.0,84600.0,22.0
2479.0,85020.0,25.0
3002.0,85380.0,
5723.0,85020.0,6.0
1567.0,85320.0,8.0
3104.0,81600.0,12.0
4602.0,85711.0,
6504.0,85200.0,22.0
7050.0,84720.0,17.0
4841.0,83602.0,16.0
3755.0,79737.0,8.0
21350.0,85620.0,
5554.0,82800.0,22.0
2740.0,81540.0,12.0
2097.0,84000.0,12.0
5017.0,81000.0,23.0
1704.0,85320.0,25.0
2378.0,0.0,16.0
6174.0,83400.0,23.0
5755.0,82800.0,25.0
4019.0,85800.0,25.0
2201.0,83700.0,22.0
1371.0,85860.0,25.0
3876.0,80940.0,2.0
7747.0,85499.0,18.0
1385.0,85800.0,17.0
2363.0,82775.0,
2690.0,84420.0,1.0
4025.0,86100.0,7.0
9444.0,83820.0,
11084.0,85740.0,23.0
2905.0,82800.0,22.0
5747.0,83400.0,22.0
3193.0,85560.0,18.0
1108.0,84900.0,
1800.0,50700.0,25.0
11099.0,84120.0,25.0
7184.0,82980.0,12.0
3051.0,0.0,25.0
3641.0,84900.0,17.0
2536.0,84660.0,24.0
2861.0,85351.0,25.0
2098.0,85500.0,25.0
3167.0,86160.0,
3596.0,83400.0,23.0
4285.0,86358.0,5.0
4940.0,84480.0,16.0
36022.0,85680.0,
2885.0,85380.0,
3527.0,83400.0,12.0
15750.0,83040.0,12.0
2332.0,85800.0,2.0
1307.0,86040.0,
3385.0,85200.0,25.0
1436.0,86100.0,7.0
4064.0,84720.0,27.0
4414.0,82133.0,18.0
4993.0,85498.0,6.0
5293.0,85800.0,18.0
4338.0,83400.0,2.0
2820.0,85680.0,23.0
15194.0,86100.0,18.0
3789.0,85763.0,23.0
4428.0,84883.0,17.0
10306.0,84000.0,
1644.0,85800.0,18.0
1965.0,85872.0,18.0
3540.0,83400.0,24.0
2128.0,84600.0,2.0
2877.0,84540.0,18.0
2344.0,83580.0,
1511.0,85200.0,18.0
5745.0,85998.0,25.0
2352.0,84600.0,25.0
12079.0,85920.0,25.0
2536.0,84600.0,22.0
452.0,84600.0,18.0
5881.0,86160.0,25.0
21250.0,85800.0,2.0
2823.0,84360.0,6.0
4745.0,0.0,17.0
3306.0,85500.0,29.0
4078.0,85800.0,1.0
5824.0,84600.0,25.0
1953.0,85208.0,
6961.0,82245.0,
1222.0,85560.0,12.0
729.0,56400.0,29.0
2693.0,84180.0,17.0
1832.0,0.0,
2313.0,85599.0,25.0
1357.0,84360.0,19.0
4792.0,85620.0,17.0
8735.0,0.0,22.0
3749.0,84679.0,
4475.0,83460.0,18.0
3870.0,85452.0,20.0
2292.0,51300.0,22.0
11755.0,84900.0,25.0
2037.0,85500.0,22.0
1418.0,86100.0,24.0
5630.0,84180.0,25.0
2082.0,82740.0,18.0
2280.0,85500.0,25.0
4281.0,85620.0,18.0
2766.0,85920.0,20.0
746.0,86124.0,12.0
1697.0,84311.0,
21220.0,84600.0,25.0
3200.0,82800.0,18.0
2052.0,83772.0,22.0
8384.0,0.0,12.0
2705.0,80520.0,23.0
2628.0,85800.0,22.0
17602.0,85153.0,24.0
4793.0,84600.0,1.0
2321.0,86220.0,25.0
1280.0,85320.0,22.0
1352.0,85200.0,17.0
5141.0,84000.0,
28791.0,84600.0,18.0
8238.0,85463.0,
2061.0,85500.0,22.0
12807.0,83700.0,22.0
6366.0,85500.0,25.0
3184.0,79362.0,
3527.0,85907.0,
1654.0,86355.0,
2205.0,84420.0,22.0
5680.0,85080.0,
888.0,83700.0,12.0
3087.0,83520.0,23.0
2771.0,84960.0,18.0
6876.0,84040.0,
1935.0,83400.0,12.0
23447.0,86340.0,22.0
2523.0,84420.0,
19124.0,82800.0,12.0
2273.0,86075.0,
1901.0,84977.0,
2079.0,84600.0,
1300.0,0.0,25.0
838.0,85740.0,12.0
230894.0,86100.0,
2638.0,85500.0,
3301.0,81060.0,
2471.0,85800.0,7.0
1263.0,72649.0,19.0
2639.0,85680.0,25.0
1249.0,85774.0,22.0
3974.0,84673.0,
1272.0,0.0,
6959.0,84600.0,2.0
7648.0,85800.0,4.0
2163.0,85200.0,18.0
3776.0,79800.0,19.0
4377.0,86198.0,6.0
1459.0,86280.0,25.0
3353.0,85800.0,5.0
2963.0,85601.0,25.0
5107.0,86320.0,
2713.0,83700.0,29.0
4710.0,84711.0,
3066.0,83220.0,13.0
3678.0,84000.0,18.0
1357.0,86100.0,26.0
14424.0,0.0,12.0
12223.0,84780.0,
4202.0,84900.0,
8872.0,85740.0,22.0
16623.0,84300.0,18.0
2063.0,85620.0,16.0
1130.0,0.0,
38789.0,85800.0,17.0
1756.0,85500.0,20.0
3669.0,85200.0,24.0
4301.0,86146.0,17.0
1757.0,83430.0,23.0
2309.0,82800.0,18.0
769.0,86177.0,16.0
965.0,85800.0,18.0
1440.0,84540.0,18.0
2833.0,85560.0,26.0
4781.0,84840.0,25.0
4714.0,83400.0,25.0
3895.0,84300.0,
13167.0,84720.0,
19556.0,84000.0,22.0
2135.0,0.0,19.0
11462.0,82800.0,24.0
615.0,85800.0,12.0
1934.0,85980.0,
2327.0,84600.0,25.0
2189.0,85800.0,1.0
27919.0,84900.0,7.0
2054.0,76459.0,16.0
3950.0,85200.0,18.0
4599.0,86112.0,
1840.0,54900.0,1.0
5517.0,84600.0,25.0
4149.0,84181.0,24.0
3125.0,85800.0,25.0
2477.0,84542.0,22.0
35142.0,82680.0,22.0
3913.0,86220.0,7.0
2040.0,85474.0,12.0
6289.0,85560.0,2.0
16390.0,83100.0,24.0
2499.0,85740.0,4.0
1769.0,85973.0,25.0
3895.0,86100.0,25.0
1952.0,82800.0,
7648.0,84180.0,
3314.0,85800.0,
2907.0,83100.0,23.0
5124.0,84600.0,22.0
3734.0,84600.0,25.0
1996.0,84300.0,
4652.0,85200.0,6.0
3668.0,84900.0,18.0
3455.0,84600.0,1.0
6093.0,84020.0,18.0
2357.0,85800.0,25.0
7264.0,82800.0,19.0
1994.0,84600.0,26.0
5574.0,84600.0,18.0
2301.0,84600.0,18.0
2830.0,85800.0,18.0
2470.0,85200.0,24.0
6517.0,83100.0,24.0
13323.0,83160.0,29.0
3877.0,84000.0,26.0
9818.0,85734.0,19.0
3042.0,85800.0,12.0
2092.0,83160.0,
8212.0,85200.0,12.0
2307.0,85500.0,17.0
1444.0,83700.0,19.0
15711.0,81774.0,
2713.0,53100.0,17.0
3371.0,86100.0,12.0
2728.0,85080.0,9.0
3165.0,86340.0,12.0
3817.0,84420.0,7.0
5473.0,83520.0,17.0
4195.0,84420.0,18.0
4780.0,82800.0,14.0
2633.0,81180.0,3.0
6831.0,82200.0,18.0
3148.0,85794.0,
1801.0,86093.0,13.0
3350.0,86160.0,18.0
24653.0,84210.0,12.0
2564.0,83764.0,25.0
1423.0,53100.0,26.0
1584.0,86178.0,26.0
17525.0,84000.0,4.0
6299.0,83700.0,2.0
2013.0,85800.0,
3250.0,85860.0,17.0
2073.0,84600.0,25.0
8456.0,85260.0,26.0
4136.0,86220.0,25.0
2177.0,85500.0,25.0
8480.0,83700.0,22.0
3649.0,84540.0,12.0
1362.0,85010.0,
13652.0,85500.0,18.0
4366.0,85200.0,
8867.0,81046.0,
4331.0,84600.0,22.0
8491.0,86160.0,29.0
24335.0,85564.0,
3453.0,86040.0,19.0
1204.0,85380.0,10.0
4450.0,86239.0,2.0
6563.0,82980.0,26.0
2384.0,85200.0,
12963.0,83160.0,
7922.0,86100.0,
984.0,82607.0,12.0
5228.0,85200.0,25.0
3704.0,84600.0,12.0
2455.0,85740.0,17.0
8621.0,84013.0,2.0
10609.0,84029.0,
1267.0,83100.0,
1616.0,54839.0,18.0
2788.0,85731.0,
4129.0,86052.0,
13533.0,85680.0,25.0
2830.0,83700.0,6.0
3822.0,84600.0,
2126.0,82800.0,2.0
4750.0,85631.0,25.0
84259.0,84960.0,22.0
6357.0,83880.0,23.0
3846.0,85260.0,
5329.0,84600.0,18.0
3342.0,84660.0,
2131.0,85380.0,
2854.0,84000.0,22.0
5383.0,85453.0,
3758.0,82064.0,
4384.0,83700.0,23.0
15676.0,85797.0,12.0
4039.0,85500.0,25.0
6782.0,86166.0,23.0
10701.0,85200.0,19.0
8125.0,84038.0,18.0
6674.0,84900.0,19.0
1757.0,82800.0,18.0
4401.0,86100.0,29.0
2790.0,84060.0,24.0
9422.0,85860.0,
1503.0,85920.0,12.0
8693.0,85140.0,12.0
1841.0,84720.0,17.0
1384.0,85966.0,17.0
3708.0,86100.0,
3818.0,85620.0,16.0
1978.0,84600.0,16.0
2051.0,84826.0,
4138.0,82800.0,17.0
1927.0,85200.0,22.0
3010.0,59433.0,1.0
2951.0,84300.0,7.0
5325.0,84300.0,18.0
3088.0,86219.0,24.0
1948.0,80100.0,12.0
11788.0,84180.0,17.0
29284.0,85800.0,25.0
5945.0,82920.0,12.0
21872.0,83400.0,25.0
4607.0,82500.0,26.0
3381.0,83460.0,25.0
2958.0,86083.0,23.0
2411.0,79560.0,3.0
6464.0,85200.0,22.0
2946.0,85500.0,25.0
3412.0,86233.0,23.0
3461.0,84475.0,17.0
3162.0,84900.0,18.0
1941.0,84660.0,25.0
18475.0,85380.0,15.0
6726.0,85087.0,
3338.0,0.0,13.0
5261.0,85200.0,26.0
1747.0,86275.0,14.0
2070.0,83100.0,19.0
5435.0,86100.0,7.0
2669.0,51000.0,18.0
8557.0,85800.0,25.0
2216.0,85320.0,
4321.0,85800.0,18.0
3663.0,83400.0,
8499.0,0.0,
1208.0,85141.0,2.0
4737.0,85080.0,25.0
3227.0,85200.0,17.0
2339.0,85020.0,22.0
1694.0,84480.0,22.0
2610.0,85547.0,25.0
2778.0,82800.0,22.0
3988.0,0.0,18.0
2206.0,85257.0,12.0
2652.0,0.0,2.0
5420.0,83160.0,25.0
3578.0,82800.0,
2995.0,84900.0,25.0
5132.0,82800.0,8.0
2988.0,85260.0,16.0
2569.0,85200.0,22.0
8266.0,82500.0,2.0
3233.0,81183.0,
3428.0,84600.0,16.0
38619.0,0.0,23.0
3214.0,80700.0,18.0
3327.0,84000.0,16.0
2725.0,84900.0,12.0
7755.0,84000.0,
2746.0,84316.0,18.0
2438.0,86100.0,22.0
2496.0,84480.0,18.0
1702.0,84720.0,18.0
4210.0,84180.0,
4791.0,85953.0,12.0
1407.0,85200.0,18.0
1952.0,86160.0,25.0
2087.0,86040.0,30.0
8909.0,0.0,
2231.0,83760.0,20.0
1644.0,86100.0,
2438.0,86040.0,25.0
1517.0,82800.0,2.0
2309.0,85500.0,25.0
2010.0,0.0,18.0
1775.0,75582.0,23.0
6290.0,82200.0,4.0
1689.0,86100.0,23.0
9303.0,85980.0,12.0
4038.0,84600.0,18.0
45742.0,83700.0,12.0
2792.0,51331.0,20.0
2502.0,84300.0,12.0
7715.0,82080.0,25.0
5737.0,82800.0,12.0
2397.0,83512.0,
4795.0,82800.0,16.0
4282.0,85800.0,25.0
4719.0,85620.0,25.0
1151.0,83820.0,25.0
5609.0,84000.0,
15265.0,0.0,17.0
1197.0,86340.0,12.0
3299.0,85586.0,
4092.0,81420.0,22.0
1936.0,0.0,20.0
2035.0,84842.0,25.0
7026.0,82800.0,18.0
1429.0,84600.0,
1692.0,85800.0,18.0
17037.0,84180.0,24.0
953.0,85800.0,
2050.0,84480.0,
2214.0,82800.0,18.0
1852.0,84600.0,16.0
1807.0,84780.0,19.0
3386.0,83700.0,25.0
5478.0,83037.0,
3775.0,85680.0,14.0
3362.0,81000.0,6.0
1945.0,85860.0,1.0
3275.0,0.0,18.0
3889.0,83100.0,12.0
3733.0,84593.0,
6609.0,83929.0,25.0
1023.0,85188.0,22.0
2485.0,82850.0,
3218.0,84300.0,18.0
5443.0,82862.0,7.0
4246.0,83859.0,9.0
1842.0,86190.0,25.0
1266.0,85080.0,2.0
3465.0,86390.0,
4861.0,85140.0,29.0
2645.0,83940.0,
58674.0,0.0,26.0
2061.0,84600.0,1.0
4367.0,84300.0,19.0
1585.0,85200.0,18.0
2037.0,61260.0,
5709.0,81300.0,25.0
3441.0,0.0,
4340.0,84000.0,12.0
2020.0,84600.0,
2919.0,86274.0,
2165.0,85200.0,25.0
1132.0,82800.0,19.0
3955.0,84000.0,29.0
2079.0,85500.0,16.0
2597.0,59612.0,
1201.0,86269.0,18.0
5216.0,84600.0,12.0
1671.0,85500.0,25.0
1942.0,0.0,19.0
20974.0,81180.0,
4581.0,85800.0,18.0
2185.0,84622.0,25.0
1625.0,86280.0,18.0
3552.0,83340.0,12.0
12823.0,81864.0,
2195.0,85591.0,24.0
2637.0,83514.0,
6366.0,83820.0,
2761.0,82980.0,23.0
8340.0,81540.0,12.0
5609.0,85200.0,12.0
1342.0,0.0,25.0
2096.0,85200.0,16.0
5661.0,84000.0,25.0
2074.0,82800.0,12.0
3143.0,82200.0,16.0
2686.0,85260.0,19.0
2031.0,84480.0,20.0
13471.0,82837.0,
2917.0,85747.0,
8119.0,86332.0,
36358.0,80880.0,22.0
19847.0,85020.0,23.0
4415.0,85200.0,
1585.0,83169.0,16.0
6283.0,82500.0,23.0
9231.0,86047.0,18.0
7194.0,85860.0,29.0
3631.0,85800.0,17.0
976.0,84480.0,25.0
3237.0,83694.0,26.0
4819.0,85622.0,23.0
2282.0,83100.0,24.0
4615.0,84600.0,12.0
2355.0,61177.0,
3616.0,85500.0,18.0
5054.0,83520.0,22.0
6926.0,85500.0,24.0
2049.0,54900.0,29.0
13448.0,82809.0,
3441.0,83220.0,
3960.0,84720.0,12.0
4232.0,86220.0,22.0
12323.0,84960.0,5.0
3895.0,86340.0,22.0
15426.0,83972.0,
1362.0,85740.0,12.0
3008.0,85126.0,16.0
4793.0,84960.0,
983.0,84609.0,26.0
6106.0,86340.0,24.0
3626.0,84600.0,12.0
2806.0,85721.0,22.0
5273.0,85200.0,18.0
2198.0,84420.0,12.0
4276.0,83280.0,29.0
2161.0,79160.0,
45274.0,85500.0,
38088.0,0.0,
3849.0,82800.0,
3289.0,85791.0,
1416.0,84840.0,17.0
9381.0,84000.0,
2539.0,84240.0,12.0
2091.0,86280.0,
19585.0,84733.0,
4951.0,0.0,
2803.0,86366.0,18.0
1801.0,81151.0,
3039.0,82800.0,22.0
9761.0,0.0,18.0
3929.0,83400.0,18.0
10149.0,84900.0,12.0
4441.0,83940.0,
3035.0,84600.0,18.0
3211.0,0.0,
5254.0,85276.0,
5654.0,85608.0,22.0
10772.0,84600.0,25.0
2694.0,85920.0,22.0
1921.0,85740.0,
3644.0,0.0,22.0
8123.0,82800.0,25.0
8650.0,84904.0,17.0
11176.0,85855.0,23.0
20456.0,83580.0,17.0
1467.0,86107.0,25.0
2090.0,85458.0,
2005.0,86340.0,18.0
9085.0,85274.0,
3131.0,84600.0,2.0
1915.0,83700.0,12.0
5189.0,83700.0,19.0
3601.0,61200.0,
2635.0,83520.0,6.0
3591.0,85802.0,18.0
4381.0,84600.0,25.0
4448.0,84000.0,19.0
4276.0,85620.0,2.0
4731.0,0.0,25.0
1593.0,86101.0,22.0
4241.0,84693.0,
3130.0,86340.0,24.0
2073.0,83400.0,19.0
3075.0,79200.0,18.0
13500.0,86160.0,24.0
4577.0,84480.0,9.0
6333.0,86040.0,18.0
2283.0,86100.0,23.0
3221.0,86151.0,
5098.0,0.0,22.0
4477.0,82800.0,
3410.0,86160.0,3.0
2787.0,85620.0,29.0
3252.0,83400.0,21.0
1640.0,85320.0,12.0
3573.0,85627.0,25.0
11450.0,85764.0,18.0
1977.0,84600.0,
2069.0,85044.0,
5876.0,85200.0,12.0
5272.0,83568.0,12.0
2448.0,83539.0,26.0
4732.0,85274.0,
1983.0,82980.0,26.0
3526.0,78000.0,
3876.0,83100.0,20.0
13601.0,86100.0,18.0
4215.0,57660.0,18.0
5977.0,85800.0,1.0
6632.0,0.0,2.0
6799.0,86283.0,
8168.0,84060.0,22.0
4131.0,86040.0,25.0
2034.0,82757.0,25.0
1255.0,84540.0,22.0
3723.0,85860.0,24.0
18038.0,86238.0,
5612.0,0.0,23.0
4441.0,86185.0,19.0
2487.0,85140.0,22.0
1382.0,0.0,12.0
1533.0,85440.0,18.0
2066.0,85800.0,
1626.0,82800.0,25.0
4515.0,83065.0,
3165.0,85996.0,
3748.0,86236.0,
3027.0,59520.0,12.0
3873.0,83040.0,19.0
1676.0,86356.0,12.0
11480.0,86280.0,12.0
6488.0,84420.0,25.0
6196.0,78000.0,
1547.0,81313.0,20.0
7138.0,81600.0,12.0
2324.0,83945.0,3.0
3679.0,85440.0,
13336.0,84600.0,26.0
3599.0,0.0,16.0
7167.0,85800.0,
1755.0,83700.0,18.0
3633.0,83700.0,22.0
3792.0,84000.0,4.0
9016.0,82800.0,19.0
11973.0,85660.0,
3849.0,85347.0,29.0
1523.0,84180.0,18.0
11135.0,85920.0,22.0
1352.0,85478.0,22.0
2456.0,0.0,7.0
798.0,85380.0,25.0
6212.0,85214.0,26.0
1915.0,85800.0,7.0
14842.0,84660.0,12.0
2547.0,82200.0,22.0
8108.0,84300.0,22.0
2311.0,85020.0,18.0
10740.0,84600.0,12.0
2352.0,85800.0,12.0
2813.0,85200.0,18.0
1813.0,53840.0,
9290.0,0.0,24.0
975.0,84108.0,25.0
9160.0,85800.0,26.0
2207.0,84600.0,8.0
2797.0,84600.0,2.0
2169.0,84600.0,1.0
3189.0,83700.0,22.0
5248.0,84603.0,19.0
5829.0,84722.0,
12800.0,84300.0,22.0
4110.0,81660.0,22.0
5743.0,82920.0,25.0
2211.0,84900.0,12.0
13754.0,83700.0,18.0
2800.0,85980.0,24.0
1872.0,84600.0,29.0
4071.0,85200.0,25.0
48437.0,83700.0,18.0
7350.0,78023.0,
2643.0,84840.0,25.0
2607.0,85020.0,8.0
1092.0,86260.0,22.0
2476.0,0.0,25.0
2486.0,84600.0,12.0
5435.0,85320.0,18.0
1942.0,85980.0,14.0
6980.0,0.0,17.0
4561.0,86249.0,23.0
1812.0,85260.0,13.0
2659.0,75551.0,12.0
2171.0,84125.0,12.0
1778.0,86100.0,12.0
5169.0,86036.0,
1412.0,82980.0,12.0
7588.0,81334.0,
2167.0,85380.0,19.0
1721.0,58200.0,18.0
6995.0,83401.0,25.0
5064.0,84635.0,18.0
5925.0,85103.0,
7216.0,84600.0,23.0
4808.0,85320.0,23.0
1940.0,83595.0,17.0
1261.0,86101.0,
6119.0,86100.0,19.0
4879.0,85140.0,19.0
1551.0,0.0,3.0
2827.0,84900.0,18.0
4035.0,85469.0,
2211.0,82140.0,25.0
2372.0,84600.0,23.0
1508.0,85614.0,26.0
2991.0,84600.0,12.0
2798.0,85620.0,25.0
4284.0,84120.0,22.0
31181.0,0.0,12.0
1916.0,85500.0,18.0
1977.0,84780.0,17.0
4970.0,85498.0,24.0
2357.0,85800.0,13.0
2076.0,82800.0,25.0
3307.0,84780.0,22.0
11864.0,85200.0,
10494.0,84600.0,22.0
2383.0,86028.0,
4017.0,86262.0,
1779.0,86280.0,4.0
5406.0,85500.0,23.0
51104.0,84600.0,23.0
45874.0,83700.0,
8684.0,78922.0,24.0
15764.0,85213.0,25.0
2571.0,84928.0,24.0
3006.0,85239.0,
7914.0,82800.0,25.0
5548.0,83400.0,14.0
3457.0,0.0,25.0
9576.0,0.0,23.0
2809.0,85980.0,12.0
2579.0,81600.0,
5048.0,59662.0,
18709.0,53910.0,
19569.0,54120.0,19.0
2752.0,0.0,25.0
7463.0,83400.0,2.0
11827.0,84600.0,
5184.0,85500.0,22.0
3133.0,71861.0,3.0
2031.0,85200.0,22.0
30842.0,84228.0,6.0
2936.0,86280.0,18.0
4351.0,83880.0,
3876.0,85500.0,
4994.0,82330.0,23.0
1446.0,86100.0,25.0
3943.0,85308.0,17.0
3681.0,85500.0,25.0
2773.0,0.0,2.0
9206.0,85500.0,
7275.0,84900.0,25.0
9391.0,85140.0,25.0
1594.0,84298.0,19.0
4055.0,82800.0,6.0
3592.0,83400.0,23.0
2743.0,85440.0,18.0
1440.0,86280.0,7.0
1843.0,82800.0,25.0
9721.0,85620.0,
4186.0,83640.0,22.0
3412.0,85020.0,19.0
4874.0,82500.0,23.0
4314.0,84543.0,24.0
4621.0,83520.0,18.0
2498.0,83400.0,23.0
7021.0,84411.0,
3321.0,0.0,4.0
3894.0,85800.0,18.0
1882.0,82800.0,17.0
9367.0,84600.0,
17459.0,85084.0,
3487.0,83760.0,3.0
2901.0,86100.0,24.0
8693.0,85200.0,6.0
2522.0,85635.0,
2000.0,85500.0,
2448.0,85830.0,18.0
1453.0,86100.0,18.0
2022.0,85500.0,12.0
3033.0,84900.0,29.0
2258.0,52258.0,18.0
11419.0,86183.0,3.0
5704.0,86160.0,
2871.0,85980.0,
10664.0,82800.0,25.0
3875.0,86100.0,18.0
2789.0,84960.0,23.0
5332.0,85383.0,
1510.0,86220.0,18.0
15970.0,84000.0,13.0
8221.0,0.0,21.0
2908.0,83040.0,2.0
8847.0,86220.0,18.0
6049.0,82740.0,12.0
5179.0,82800.0,23.0
7775.0,84600.0,12.0
15788.0,84900.0,24.0
5760.0,85683.0,22.0
8369.0,84642.0,15.0
988.0,0.0,4.0
3016.0,84600.0,24.0
2386.0,85800.0,1.0
1966.0,84074.0,12.0
1741.0,74520.0,
2862.0,78180.0,17.0
4862.0,84043.0,
5930.0,0.0,12.0
8844.0,84600.0,18.0
2352.0,77719.0,12.0
1920.0,84600.0,2.0
2926.0,84000.0,18.0
4483.0,79740.0,25.0
19232.0,84600.0,14.0
3255.0,84857.0,29.0
2897.0,85500.0,25.0
4463.0,85680.0,
2241.0,83400.0,25.0
4161.0,83400.0,25.0
10937.0,82800.0,13.0
4519.0,85510.0,
8940.0,85037.0,
10838.0,82820.0,
2735.0,85721.0,
1591.0,85834.0,2.0
1520.0,83634.0,18.0
1944.0,56685.0,24.0
7229.0,84600.0,29.0
53023.0,82500.0,3.0
1171.0,85500.0,25.0
3710.0,85500.0,18.0
3338.0,85800.0,13.0
2550.0,84841.0,25.0
7481.0,85560.0,18.0
6109.0,84060.0,28.0
4992.0,86259.0,
1905.0,84480.0,
9375.0,85500.0,25.0
2350.0,84780.0,22.0
4213.0,82020.0,22.0
8727.0,85080.0,25.0
1082.0,85466.0,8.0
4632.0,86220.0,
2233.0,85020.0,12.0
6964.0,84900.0,
4824.0,0.0,7.0
9200.0,84900.0,
2333.0,57473.0,
10862.0,85320.0,19.0
5938.0,82582.0,18.0
3910.0,85680.0,22.0
2397.0,85200.0,19.0
17634.0,84662.0,
3232.0,82800.0,13.0
2547.0,55821.0,18.0
4350.0,85980.0,
3253.0,86037.0,25.0
2245.0,84900.0,24.0
23385.0,85620.0,22.0
2935.0,84937.0,12.0
3164.0,85800.0,12.0
2996.0,86163.0,25.0
8666.0,86220.0,
2479.0,84600.0,19.0
1903.0,84600.0,25.0
5424.0,85779.0,25.0
3226.0,82800.0,
1921.0,0.0,18.0
2398.0,83100.0,12.0
10038.0,0.0,6.0
2286.0,85800.0,18.0
2158.0,0.0,24.0
3773.0,83940.0,12.0
2682.0,85131.0,12.0
1622.0,85800.0,
3910.0,82800.0,
3815.0,82800.0,12.0
67831.0,82800.0,25.0
2744.0,82800.0,7.0
4100.0,85500.0,20.0
4917.0,84660.0,26.0
2585.0,78600.0,26.0
14130.0,84120.0,2.0
5786.0,85440.0,12.0
3395.0,82800.0,19.0
2297.0,85800.0,22.0
1125.0,85102.0,23.0
12470.0,82800.0,25.0
29910.0,81180.0,
1707.0,86280.0,22.0
7820.0,84000.0,23.0
4641.0,83424.0,16.0
5395.0,85569.0,
1445.0,86100.0,
3516.0,85947.0,
2241.0,84453.0,
1840.0,86340.0,
2661.0,85500.0,17.0
5827.0,86220.0,
9086.0,84300.0,18.0
4379.0,84310.0,17.0
1640.0,84600.0,20.0
5177.0,85800.0,22.0
1828.0,84609.0,12.0
2968.0,83400.0,18.0
2986.0,84600.0,22.0
2968.0,83100.0,18.0
7827.0,84947.0,7.0
17539.0,85331.0,17.0
2882.0,85500.0,12.0
6279.0,86117.0,16.0
2937.0,86104.0,17.0
8384.0,81900.0,12.0
2520.0,85200.0,22.0
3057.0,80766.0,7.0
5161.0,83700.0,16.0
2011.0,85198.0,23.0
1520.0,82800.0,12.0
1001.0,85344.0,
2086.0,85142.0,18.0
2592.0,86220.0,18.0
2984.0,85067.0,
4440.0,86340.0,6.0
5607.0,84600.0,26.0
2104.0,82980.0,12.0
4361.0,81124.0,
1930.0,82239.0,19.0
14120.0,86100.0,16.0
2671.0,81651.0,18.0
4076.0,82800.0,25.0
3889.0,84000.0,22.0
2253.0,81660.0,23.0
10180.0,85800.0,22.0
3279.0,80040.0,22.0
9745.0,85620.0,18.0
8540.0,85980.0,25.0
6534.0,84600.0,22.0
2117.0,84600.0,18.0
4818.0,84600.0,25.0
2006.0,86215.0,18.0
1681.0,85753.0,25.0
2909.0,86160.0,19.0
1727.0,84300.0,28.0
8804.0,84600.0,25.0
2525.0,83100.0,22.0
23978.0,81836.0,
2488.0,81967.0,25.0
1811.0,82560.0,18.0
3845.0,84060.0,12.0
13019.0,83700.0,17.0
2463.0,85860.0,24.0
22598.0,85658.0,25.0
2513.0,82440.0,25.0
8661.0,82882.0,12.0
1934.0,83700.0,2.0
2287.0,86280.0,20.0
15825.0,84600.0,22.0
3125.0,0.0,25.0
4853.0,84021.0,
1418.0,81788.0,25.0
4951.0,86220.0,
1903.0,84360.0,8.0
8760.0,86147.0,16.0
4402.0,82800.0,23.0
4922.0,86228.0,
3331.0,81300.0,24.0
2217.0,86280.0,25.0
4705.0,85920.0,12.0
6952.0,83727.0,
457.0,83940.0,25.0
2247.0,85440.0,12.0
4574.0,71700.0,
30937.0,85140.0,12.0
28740.0,84060.0,18.0
8592.0,83040.0,
2553.0,82800.0,24.0
8339.0,85080.0,25.0
1819.0,85740.0,23.0
445.0,0.0,7.0
3108.0,0.0,23.0
2770.0,84953.0,13.0
2179.0,86385.0,23.0
26101.0,80049.0,
2119.0,84633.0,19.0
15846.0,84448.0,
3922.0,84343.0,19.0
27064.0,85080.0,18.0
3072.0,84300.0,2.0
1040.0,85749.0,6.0
5035.0,83655.0,9.0
3727.0,82800.0,12.0
19731.0,86100.0,22.0
2108.0,86340.0,12.0
3248.0,54018.0,18.0
7699.0,85260.0,
2241.0,83220.0,23.0
12908.0,54000.0,12.0
2268.0,85080.0,18.0
8062.0,84563.0,25.0
8183.0,84900.0,2.0
3643.0,82800.0,
3270.0,84600.0,24.0
17232.0,83760.0,
12190.0,85800.0,14.0
12571.0,70797.0,12.0
3271.0,85671.0,
2719.0,82620.0,18.0
2564.0,83700.0,25.0
2756.0,84000.0,18.0
2918.0,86100.0,24.0
2203.0,86123.0,18.0
10657.0,82800.0,2.0
3428.0,85500.0,17.0
3905.0,83700.0,18.0
2498.0,85385.0,7.0
2230.0,85980.0,18.0
24211.0,83877.0,13.0
10599.0,81240.0,18.0
3313.0,84900.0,22.0
4525.0,84600.0,25.0
3360.0,84600.0,18.0
2478.0,84300.0,12.0
3569.0,84420.0,22.0
5264.0,84235.0,
3206.0,0.0,19.0
5993.0,82800.0,29.0
5887.0,83700.0,
3193.0,85560.0,12.0
3080.0,83640.0,18.0
5239.0,84656.0,25.0
17513.0,83700.0,19.0
73552.0,84900.0,12.0
7540.0,86100.0,18.0
3491.0,84602.0,20.0
10015.0,85860.0,19.0
877.0,84772.0,
12574.0,85260.0,25.0
8747.0,85800.0,12.0
3460.0,84600.0,2.0
901.0,86319.0,25.0
6573.0,84240.0,25.0
4957.0,85560.0,21.0
1940.0,85325.0,12.0
2596.0,85800.0,25.0
4776.0,86160.0,12.0
2929.0,82557.0,12.0
1280.0,84840.0,17.0
24135.0,85020.0,17.0
9200.0,84900.0,24.0
10014.0,84600.0,29.0
37908.0,84600.0,25.0
5611.0,85500.0,22.0
3138.0,52800.0,23.0
4433.0,86167.0,18.0
9681.0,86100.0,
3380.0,86333.0,
2374.0,85860.0,16.0
10805.0,82500.0,18.0
5783.0,82800.0,6.0
3281.0,46800.0,22.0
2102.0,85500.0,24.0
2765.0,84720.0,13.0
4581.0,83520.0,25.0
3059.0,86138.0,
847.0,82740.0,22.0
2706.0,0.0,24.0
4478.0,85200.0,25.0
2104.0,84900.0,25.0
2655.0,85800.0,25.0
1687.0,52800.0,24.0
1867.0,85500.0,22.0
2118.0,85375.0,17.0
2861.0,84900.0,12.0
6218.0,84900.0,25.0
2770.0,85800.0,15.0
1385.0,0.0,
3413.0,86100.0,18.0
3977.0,84900.0,25.0
2710.0,84600.0,12.0
11201.0,85476.0,
3097.0,83543.0,24.0
9667.0,86040.0,25.0
7365.0,84600.0,21.0
2419.0,85800.0,25.0
6180.0,84378.0,24.0
5707.0,84600.0,2.0
3048.0,80673.0,25.0
1920.0,84000.0,25.0
2989.0,86297.0,25.0
3953.0,82740.0,
1068.0,85570.0,3.0
2161.0,82800.0,12.0
10763.0,83667.0,
10508.0,82800.0,
2605.0,83005.0,14.0
5852.0,83700.0,
3650.0,83580.0,
4532.0,85500.0,6.0
2996.0,84840.0,23.0
3525.0,84600.0,14.0
2579.0,82800.0,12.0
26157.0,0.0,24.0
1541.0,80340.0,
3706.0,84987.0,
2629.0,82680.0,18.0
11003.0,81434.0,20.0
2022.0,86100.0,7.0
1661.0,83580.0,12.0
1971.0,53100.0,25.0
4017.0,82800.0,25.0
6958.0,85537.0,25.0
10131.0,85320.0,12.0
4411.0,85560.0,25.0
2815.0,85800.0,25.0
2874.0,84083.0,2.0
3982.0,86172.0,
5478.0,85920.0,25.0
2088.0,85860.0,25.0
6281.0,86054.0,
5497.0,85200.0,
2827.0,82800.0,
4432.0,83100.0,25.0
2287.0,85800.0,23.0
3390.0,83400.0,22.0
2544.0,0.0,26.0
2900.0,85620.0,
13819.0,82800.0,25.0
1771.0,83100.0,22.0
5332.0,52800.0,25.0
50472.0,84600.0,25.0
1795.0,85500.0,26.0
2239.0,85500.0,18.0
3686.0,85380.0,
6308.0,85538.0,28.0
17266.0,86280.0,25.0
2589.0,84600.0,23.0
13644.0,81712.0,
2045.0,84720.0,17.0
5859.0,83743.0,18.0
9044.0,84600.0,16.0
2656.0,84600.0,15.0
3093.0,85838.0,
6412.0,83700.0,25.0
3716.0,83280.0,6.0
14985.0,82800.0,19.0
19828.0,84000.0,12.0
5568.0,84480.0,25.0
4728.0,84300.0,19.0
2407.0,84633.0,25.0
3899.0,84995.0,
1662.0,86220.0,22.0
1646.0,85800.0,
3072.0,85200.0,
2684.0,52800.0,2.0
12681.0,0.0,
12481.0,52200.0,5.0
1627.0,84000.0,18.0
3133.0,85500.0,23.0
2482.0,85780.0,25.0
2157.0,83760.0,25.0
4232.0,85500.0,25.0
3018.0,85441.0,
22848.0,86100.0,23.0
9023.0,85380.0,5.0
18402.0,84900.0,24.0
2190.0,85146.0,5.0
1256.0,84360.0,24.0
3609.0,85800.0,25.0
1966.0,85080.0,18.0
3634.0,82800.0,26.0
2158.0,81453.0,
1825.0,86160.0,7.0
2751.0,0.0,19.0
12366.0,83845.0,
1954.0,83852.0,25.0
32013.0,84600.0,
2082.0,85333.0,18.0
3295.0,86040.0,12.0
19084.0,85500.0,12.0
4008.0,0.0,
10420.0,83400.0,3.0
2952.0,85072.0,
5690.0,83100.0,25.0
2945.0,85857.0,1.0
3584.0,83760.0,18.0
2360.0,84000.0,19.0
7520.0,86372.0,23.0
2175.0,86160.0,23.0
2218.0,85980.0,18.0
3769.0,84600.0,25.0
1781.0,85260.0,16.0
1613.0,84600.0,2.0
3052.0,85380.0,
3099.0,85314.0,
4761.0,85824.0,17.0
1417.0,84600.0,
7624.0,80100.0,20.0
5303.0,85800.0,12.0
2488.0,86100.0,6.0
1377.0,82800.0,25.0
2727.0,51900.0,22.0
14013.0,84000.0,12.0
1060.0,0.0,8.0
6081.0,85200.0,25.0
2698.0,83693.0,18.0
23175.0,86391.0,22.0
2824.0,82380.0,25.0
2091.0,85500.0,25.0
2044.0,85440.0,18.0
1500.0,86343.0,
2019.0,85620.0,18.0
2191.0,83700.0,18.0
3373.0,84840.0,22.0
13237.0,82980.0,
2834.0,0.0,22.0
6282.0,85466.0,
2881.0,84572.0,2.0
2317.0,0.0,18.0
4655.0,82726.0,
1890.0,85078.0,
4084.0,86084.0,
19242.0,85800.0,24.0
2603.0,83700.0,23.0
8007.0,84600.0,22.0
805.0,85399.0,22.0
1677.0,84583.0,6.0
2852.0,85756.0,6.0
3309.0,0.0,
1992.0,85982.0,
4386.0,85200.0,22.0
2746.0,85200.0,18.0
1600.0,0.0,
9695.0,82815.0,29.0
5663.0,84900.0,25.0
2882.0,84600.0,
5865.0,83882.0,22.0
6525.0,82020.0,4.0
2421.0,85620.0,28.0
2920.0,85380.0,23.0
12375.0,0.0,18.0
3541.0,83027.0,7.0
7746.0,84360.0,19.0
2062.0,85048.0,
3755.0,52800.0,25.0
2507.0,84653.0,6.0
2787.0,82200.0,17.0
7084.0,83700.0,
2768.0,84300.0,25.0
2486.0,86144.0,18.0
2607.0,85500.0,22.0
6717.0,85760.0,
5033.0,82800.0,1.0
4357.0,85740.0,23.0
2734.0,86160.0,25.0
4267.0,82800.0,18.0
8352.0,84300.0,23.0
1816.0,85800.0,19.0
34320.0,85800.0,23.0
1735.0,0.0,
2448.0,85980.0,24.0
47665.0,86140.0,22.0
1485.0,85089.0,
2291.0,81907.0,18.0
7651.0,84600.0,18.0
1639.0,56400.0,25.0
2901.0,82800.0,23.0
3679.0,84060.0,23.0
3353.0,84600.0,17.0
4775.0,84600.0,25.0
17145.0,85675.0,12.0
1762.0,83654.0,22.0
4703.0,82200.0,12.0
9412.0,84600.0,
3017.0,56100.0,18.0
3887.0,86100.0,4.0
14454.0,80709.0,
4802.0,85500.0,14.0
3672.0,85800.0,22.0
2041.0,83400.0,18.0
17222.0,85920.0,
2591.0,0.0,
4375.0,78600.0,
2606.0,85560.0,12.0
3172.0,86025.0,
2049.0,85500.0,22.0
2229.0,85800.0,24.0
29659.0,82812.0,15.0
1085.0,85200.0,19.0
10651.0,82800.0,
7651.0,84600.0,18.0
2888.0,82740.0,23.0
3262.0,85035.0,
3707.0,85680.0,22.0
2825.0,83220.0,25.0
7551.0,84900.0,2.0
5220.0,85920.0,17.0
1788.0,86100.0,12.0
1659.0,0.0,1.0
6612.0,84300.0,24.0
7066.0,86338.0,
3046.0,43800.0,12.0
2253.0,85800.0,25.0
3400.0,52200.0,
1830.0,84611.0,22.0
3144.0,82800.0,26.0
2440.0,84000.0,22.0
5707.0,86160.0,18.0
2438.0,85009.0,18.0
2401.0,85500.0,23.0
3861.0,83040.0,2.0
2568.0,54720.0,
1284.0,85980.0,25.0
6261.0,82275.0,25.0
1202.0,82200.0,26.0
9390.0,85500.0,25.0
5192.0,85920.0,
2018.0,86384.0,24.0
5598.0,85560.0,
1847.0,84720.0,19.0
2960.0,85080.0,12.0
1116.0,84094.0,29.0
2986.0,82800.0,
3348.0,0.0,
16735.0,81600.0,18.0
2608.0,82800.0,12.0
4750.0,82800.0,7.0
2823.0,84600.0,12.0
2183.0,80820.0,26.0
30445.0,85080.0,16.0
4742.0,85800.0,25.0
3416.0,82800.0,18.0
4716.0,84360.0,29.0
6940.0,84614.0,
3571.0,45600.0,16.0
9080.0,0.0,25.0
1329.0,83040.0,24.0
2759.0,85920.0,
1791.0,85500.0,12.0
12714.0,81900.0,16.0
5839.0,84034.0,22.0
2691.0,84600.0,22.0
11504.0,85200.0,12.0
28374.0,82800.0,5.0
5248.0,82800.0,2.0
5957.0,86100.0,
6617.0,85539.0,
2637.0,84600.0,12.0
1813.0,84682.0,2.0
1172.0,85740.0,22.0
17157.0,84548.0,24.0
5479.0,84900.0,17.0
2784.0,85500.0,21.0
3225.0,84000.0,25.0
7213.0,84360.0,22.0
3013.0,85500.0,25.0
2294.0,0.0,
1392.0,82800.0,24.0
3275.0,84840.0,12.0
6180.0,84000.0,12.0
16507.0,83820.0,20.0
7504.0,84441.0,26.0
2371.0,83274.0,23.0
1095.0,84600.0,29.0
1982.0,82800.0,29.0
2059.0,85500.0,25.0
4349.0,84840.0,7.0
1367.0,85380.0,18.0
3364.0,86056.0,
1313.0,84540.0,22.0
1945.0,81120.0,29.0
1684.0,50992.0,18.0
8962.0,82800.0,12.0
2466.0,86100.0,20.0
5456.0,83100.0,25.0
3272.0,85896.0,18.0
4418.0,84630.0,23.0
2352.0,85500.0,2.0
2306.0,85920.0,25.0
2722.0,86393.0,19.0
4186.0,85800.0,29.0
5260.0,86100.0,21.0
2799.0,85200.0,5.0
6682.0,82800.0,13.0
5006.0,82808.0,
10757.0,84900.0,22.0
6141.0,86280.0,22.0
51720.0,85210.0,
2718.0,86160.0,25.0
24772.0,84540.0,25.0
2121.0,84000.0,25.0
2006.0,85920.0,26.0
2303.0,75251.0,12.0
5806.0,84204.0,
2744.0,85200.0,7.0
3331.0,85368.0,
2000.0,85858.0,18.0
5822.0,43800.0,24.0
5434.0,84000.0,18.0
1061.0,86280.0,12.0
1815.0,85204.0,16.0
3107.0,84000.0,8.0
2686.0,82800.0,
22528.0,84060.0,
2024.0,82800.0,22.0
14920.0,83160.0,17.0
3235.0,83400.0,
3279.0,86040.0,4.0
3440.0,85582.0,
4376.0,84780.0,2.0
19702.0,86040.0,
1301.0,85054.0,2.0
1856.0,84734.0,24.0
7267.0,83400.0,25.0
2604.0,86097.0,12.0
3816.0,85167.0,12.0
8429.0,85200.0,8.0
2995.0,85500.0,18.0
3207.0,85064.0,16.0
8193.0,86100.0,22.0
2594.0,84900.0,19.0
1959.0,84660.0,
21182.0,86100.0,12.0
3143.0,86240.0,18.0
2878.0,83881.0,25.0
13616.0,84600.0,18.0
19223.0,57600.0,
2448.0,86176.0,
1012.0,85380.0,6.0
9701.0,85384.0,
4513.0,86160.0,19.0
1869.0,84600.0,22.0
4852.0,84235.0,25.0
2566.0,85200.0,6.0
4651.0,85500.0,25.0
5972.0,84600.0,22.0
5673.0,82800.0,3.0
4949.0,84540.0,18.0
3685.0,85680.0,18.0
2572.0,85920.0,12.0
7917.0,85800.0,15.0
1675.0,85980.0,20.0
2991.0,85090.0,22.0
3088.0,84900.0,19.0
4656.0,82920.0,26.0
4085.0,84600.0,25.0
4531.0,85440.0,25.0
2713.0,86100.0,7.0
1728.0,86340.0,24.0
3003.0,86100.0,18.0
1368.0,0.0,13.0
3041.0,84000.0,17.0
23697.0,85800.0,16.0
5859.0,85500.0,12.0
6924.0,84989.0,
1325.0,84780.0,24.0
4984.0,78000.0,12.0
3261.0,86340.0,25.0
3108.0,85500.0,25.0
4732.0,84780.0,25.0
2782.0,72126.0,
7195.0,86100.0,
3175.0,86160.0,22.0
3927.0,84540.0,23.0
5732.0,86332.0,
6663.0,86100.0,18.0
2392.0,85500.0,17.0
3098.0,80700.0,12.0
4210.0,84420.0,
3176.0,0.0,23.0
1888.0,83640.0,24.0
2254.0,85506.0,18.0
3271.0,85500.0,25.0
2839.0,85620.0,25.0
2930.0,82380.0,25.0
1271.0,81300.0,12.0
2109.0,85442.0,20.0
1626.0,85932.0,25.0
5009.0,0.0,12.0
1269.0,83400.0,22.0
9927.0,85392.0,25.0
8716.0,81360.0,16.0
2085.0,85800.0,22.0
2026.0,86100.0,25.0
3313.0,82800.0,22.0
3268.0,85800.0,19.0
7676.0,82800.0,23.0
3640.0,86160.0,12.0
2951.0,83400.0,7.0
2741.0,85500.0,
3357.0,85500.0,25.0
20860.0,84120.0,12.0
2238.0,84600.0,7.0
1776.0,84600.0,
5828.0,84025.0,29.0
1953.0,85926.0,
586.0,85920.0,
3702.0,85140.0,12.0
10862.0,84600.0,22.0
1764.0,84600.0,12.0
2857.0,85962.0,
3993.0,82647.0,
3131.0,85450.0,12.0
6204.0,83107.0,24.0
1161.0,85620.0,
3959.0,0.0,
2261.0,85500.0,25.0
5200.0,84600.0,
2207.0,86280.0,18.0
4785.0,84600.0,22.0
752.0,86060.0,25.0
1711.0,85620.0,18.0
1516.0,84540.0,25.0
8543.0,82800.0,18.0
5993.0,0.0,26.0
1946.0,82800.0,3.0
2615.0,84720.0,24.0
6040.0,85499.0,
6537.0,82800.0,
1909.0,0.0,18.0
2017.0,0.0,
4844.0,86366.0,
2080.0,62160.0,29.0
7649.0,85620.0,6.0
3703.0,84600.0,25.0
3304.0,84720.0,25.0
2517.0,83160.0,
5623.0,83880.0,
6426.0,83122.0,19.0
9666.0,85850.0,23.0
2333.0,79740.0,2.0
2673.0,85141.0,18.0
13806.0,86340.0,2.0
3567.0,85380.0,12.0
2235.0,0.0,24.0
1854.0,86040.0,2.0
3824.0,84540.0,12.0
3692.0,86280.0,5.0
24101.0,84000.0,
1867.0,86100.0,12.0
12854.0,85200.0,4.0
3045.0,86016.0,25.0
1754.0,85140.0,22.0
9692.0,86171.0,
8150.0,57900.0,24.0
4618.0,86299.0,
1407.0,83400.0,17.0
5781.0,84600.0,19.0
4023.0,85500.0,26.0
15703.0,0.0,6.0
6997.0,86280.0,
5275.0,85136.0,23.0
5606.0,85380.0,12.0
17183.0,85517.0,19.0
2898.0,85440.0,
13703.0,81720.0,20.0
7180.0,83400.0,25.0
1402.0,85500.0,2.0
8942.0,83700.0,12.0
1719.0,86100.0,17.0
2387.0,84344.0,18.0
7806.0,84600.0,24.0
9969.0,83100.0,18.0
2555.0,52837.0,25.0
4143.0,81900.0,18.0
4578.0,82597.0,14.0
46537.0,83700.0,2.0
6122.0,84420.0,
6576.0,82800.0,25.0
6346.0,84780.0,22.0
2713.0,86266.0,18.0
2727.0,84093.0,
3794.0,85800.0,25.0
2168.0,83040.0,25.0
2157.0,85500.0,16.0
2691.0,59400.0,18.0
7615.0,85080.0,12.0
3257.0,82800.0,23.0
11899.0,84600.0,
2739.0,85800.0,8.0
4361.0,85980.0,17.0
2545.0,85500.0,29.0
2092.0,84158.0,25.0
3285.0,84060.0,13.0
6429.0,83940.0,22.0
3738.0,84600.0,18.0
3632.0,0.0,19.0
3773.0,85080.0,22.0
3219.0,86040.0,18.0
2050.0,86053.0,
2456.0,83700.0,25.0
4033.0,84720.0,
5044.0,82800.0,18.0
1518.0,84840.0,12.0
3056.0,84000.0,12.0
1523.0,0.0,22.0
3284.0,85979.0,25.0
8364.0,84960.0,22.0
7210.0,84720.0,13.0
3567.0,84600.0,3.0
8257.0,85200.0,23.0
4722.0,84600.0,25.0
10167.0,85800.0,18.0
2680.0,84029.0,25.0
4448.0,86100.0,2.0
11146.0,85500.0,25.0
2488.0,85200.0,18.0
1837.0,85440.0,23.0
13994.0,82800.0,23.0
4221.0,83940.0,
16256.0,83700.0,2.0
214.0,14507.0,18.0
1544.0,84600.0,17.0
1984.0,85620.0,25.0
1788.0,52200.0,16.0
2259.0,86100.0,18.0
40030.0,82800.0,18.0
2951.0,85200.0,12.0
10202.0,82980.0,12.0
2125.0,86135.0,
1737.0,85980.0,12.0
1914.0,84300.0,24.0
3418.0,82836.0,
2439.0,86247.0,
3315.0,84000.0,29.0
1902.0,84842.0,13.0
6383.0,83040.0,18.0
3030.0,83979.0,6.0
1492.0,84600.0,6.0
14473.0,78003.0,25.0
2211.0,85315.0,23.0
2951.0,83028.0,
5267.0,83880.0,22.0
1720.0,85371.0,18.0
2470.0,86362.0,
643.0,85997.0,
1854.0,84900.0,25.0
2155.0,85965.0,18.0
3535.0,82800.0,24.0
1383.0,85500.0,19.0
3750.0,85680.0,19.0
8428.0,84000.0,25.0
27947.0,82980.0,
2186.0,86157.0,
2226.0,59760.0,12.0
4158.0,85500.0,24.0
5415.0,84300.0,24.0
6411.0,0.0,6.0
26492.0,82740.0,
2998.0,81387.0,
1977.0,86220.0,25.0
44872.0,84896.0,
6833.0,79200.0,
3062.0,85860.0,25.0
1132.0,86111.0,
11192.0,83100.0,29.0
5059.0,83700.0,18.0
1986.0,0.0,
4890.0,82800.0,25.0
1445.0,83400.0,25.0
5553.0,0.0,6.0
4358.0,86220.0,6.0
9561.0,84780.0,25.0
7408.0,0.0,
9022.0,86232.0,29.0
2839.0,82980.0,18.0
5040.0,85500.0,25.0
831.0,85106.0,18.0
3505.0,86100.0,
17139.0,86100.0,25.0
11992.0,84420.0,12.0
3277.0,0.0,2.0
2477.0,85489.0,25.0
2161.0,85380.0,25.0
1875.0,84600.0,16.0
2807.0,85178.0,
4554.0,0.0,25.0
1662.0,0.0,29.0
8565.0,82800.0,12.0
1807.0,84720.0,13.0
5904.0,81600.0,25.0
3506.0,86340.0,
12889.0,84600.0,23.0
3361.0,51655.0,12.0
2463.0,84600.0,
3356.0,0.0,14.0
14885.0,84600.0,3.0
1297.0,0.0,22.0
2978.0,84488.0,
1768.0,84880.0,24.0
2773.0,83400.0,23.0
1550.0,0.0,18.0
3986.0,85641.0,
3520.0,84840.0,25.0
1846.0,84600.0,25.0
1906.0,83820.0,22.0
4322.0,84420.0,
2967.0,85500.0,28.0
13194.0,85800.0,22.0
1382.0,86129.0,18.0
2688.0,0.0,25.0
3248.0,86040.0,13.0
4622.0,0.0,
2971.0,81000.0,9.0
4430.0,85800.0,
3858.0,84673.0,18.0
2623.0,85303.0,
24951.0,81352.0,25.0
3318.0,85620.0,24.0
2274.0,85200.0,18.0
3516.0,0.0,25.0
3558.0,84600.0,25.0
3018.0,85800.0,18.0
3902.0,77040.0,23.0
5949.0,83100.0,1.0
2691.0,84782.0,26.0
1725.0,86093.0,1.0
2230.0,84000.0,25.0
2213.0,85696.0,25.0
4551.0,82800.0,24.0
3535.0,85260.0,
5759.0,83100.0,
1687.0,86243.0,23.0
5081.0,85080.0,18.0
1896.0,81480.0,12.0
3151.0,53700.0,6.0
4795.0,85320.0,18.0
2409.0,75014.0,
18590.0,0.0,12.0
1854.0,85500.0,25.0
2232.0,84480.0,12.0
7767.0,0.0,23.0
3655.0,84180.0,25.0
3326.0,85680.0,17.0
3500.0,85560.0,18.0
2876.0,85020.0,25.0
18465.0,82942.0,25.0
1574.0,83940.0,12.0
1420.0,84420.0,24.0
4171.0,85800.0,
3502.0,85200.0,23.0
3217.0,85080.0,
3573.0,84600.0,
5789.0,84720.0,26.0
2648.0,82860.0,25.0
18590.0,85800.0,25.0
5526.0,85680.0,
4709.0,86100.0,14.0
1804.0,82980.0,
11484.0,85800.0,22.0
2773.0,82800.0,18.0
4023.0,83400.0,22.0
17915.0,85483.0,
2519.0,85800.0,25.0
4906.0,84900.0,15.0
2253.0,85881.0,
2697.0,84900.0,25.0
15483.0,86160.0,13.0
2867.0,82800.0,25.0
2057.0,85919.0,25.0
2448.0,81481.0,
3142.0,86158.0,12.0
3389.0,81977.0,19.0
1808.0,86395.0,2.0
1906.0,85128.0,
1318.0,83220.0,
1403.0,85904.0,16.0
11629.0,84420.0,
5588.0,83460.0,12.0
2042.0,85359.0,25.0
4115.0,86007.0,19.0
5619.0,83400.0,3.0
4509.0,85920.0,
1498.0,85500.0,16.0
4607.0,84600.0,24.0
1266.0,85260.0,30.0
3936.0,86100.0,25.0
1160.0,86280.0,18.0
9723.0,85860.0,
2738.0,85401.0,20.0
966.0,0.0,24.0
2884.0,86288.0,
2174.0,86280.0,1.0
1777.0,86100.0,25.0
3258.0,82800.0,12.0
3455.0,84600.0,19.0
10066.0,83787.0,
2862.0,85500.0,19.0
2483.0,84600.0,12.0
1906.0,86100.0,25.0
2104.0,85127.0,24.0
11315.0,84000.0,24.0
1834.0,84600.0,14.0
1103.0,86220.0,25.0
15821.0,85560.0,25.0
3177.0,84600.0,25.0
3219.0,85380.0,18.0
2456.0,85200.0,16.0
4137.0,85800.0,
1392.0,80820.0,
1856.0,85800.0,25.0
3126.0,84116.0,
2909.0,82800.0,28.0
2860.0,86100.0,25.0
2209.0,85500.0,2.0
2805.0,85500.0,20.0
28091.0,85800.0,24.0
4883.0,80400.0,17.0
4110.0,0.0,18.0
8597.0,83100.0,
4542.0,84600.0,18.0
4596.0,59700.0,22.0
2106.0,86340.0,
2990.0,85500.0,18.0
2854.0,86384.0,
30699.0,84573.0,12.0
3183.0,85980.0,25.0
6708.0,82860.0,
11558.0,85200.0,17.0
2475.0,85078.0,6.0
4771.0,85200.0,22.0
4439.0,86391.0,
4082.0,86340.0,29.0
10155.0,82800.0,22.0
21641.0,86220.0,17.0
8707.0,82800.0,
2076.0,85500.0,12.0
1726.0,85800.0,12.0
5727.0,86340.0,18.0
2052.0,84600.0,1.0
2572.0,85938.0,2.0
18515.0,83940.0,25.0
2599.0,64500.0,12.0
46675.0,82800.0,25.0
12308.0,84883.0,
4717.0,86160.0,25.0
3505.0,85200.0,22.0
4487.0,85500.0,29.0
1428.0,85800.0,18.0
6906.0,86212.0,
5621.0,46497.0,
3534.0,82800.0,25.0
3109.0,84000.0,2.0
2509.0,84300.0,22.0
1781.0,84000.0,12.0
2188.0,85860.0,
1405.0,85920.0,
6338.0,64186.0,
5917.0,83400.0,24.0
4625.0,85800.0,25.0
3937.0,83700.0,
5780.0,85500.0,18.0
3376.0,86347.0,
3525.0,83345.0,18.0
5635.0,83100.0,8.0
3616.0,82812.0,24.0
6034.0,86322.0,18.0
1900.0,84660.0,12.0
3185.0,85740.0,12.0
3026.0,84000.0,12.0
2753.0,85500.0,14.0
16755.0,83700.0,8.0
11523.0,85260.0,12.0
9345.0,84905.0,25.0
4172.0,86349.0,23.0
1181.0,83760.0,23.0
7695.0,84900.0,18.0
3489.0,84420.0,
6093.0,83700.0,4.0
15863.0,86340.0,
2268.0,85200.0,17.0
2055.0,0.0,25.0
2348.0,84660.0,24.0
5668.0,0.0,2.0
1847.0,84900.0,12.0
2792.0,84900.0,1.0
2555.0,85960.0,
3906.0,85200.0,
8405.0,84720.0,25.0
6531.0,86004.0,
2589.0,86264.0,17.0
7263.0,84120.0,23.0
12232.0,86085.0,
2776.0,86280.0,12.0
2161.0,83100.0,23.0
6341.0,84600.0,23.0
2644.0,86100.0,
1556.0,83580.0,25.0
3943.0,84900.0,24.0
4125.0,83952.0,19.0
4771.0,85150.0,
34257.0,83700.0,18.0
12382.0,84600.0,25.0
1465.0,85380.0,23.0
2371.0,82800.0,14.0
2785.0,85800.0,24.0
9111.0,84600.0,19.0
5744.0,84600.0,
1210.0,0.0,23.0
2313.0,83640.0,25.0
1942.0,85946.0,22.0
2230.0,0.0,25.0
3802.0,84000.0,22.0
2762.0,84424.0,24.0
4998.0,86006.0,12.0
3175.0,86096.0,
2419.0,85140.0,18.0
3565.0,85304.0,18.0
5251.0,86340.0,22.0
3455.0,86340.0,14.0
12742.0,85500.0,23.0
5419.0,85380.0,
2963.0,85828.0,22.0
6446.0,57915.0,
2133.0,84300.0,22.0
1843.0,83760.0,22.0
3337.0,85667.0,18.0
11174.0,83563.0,
2646.0,84300.0,2.0
9138.0,82980.0,
2369.0,85260.0,13.0
5739.0,60960.0,22.0
3601.0,84600.0,26.0
2418.0,84715.0,25.0
1249.0,85800.0,17.0
3135.0,83220.0,25.0
2218.0,84300.0,25.0
4481.0,83820.0,
2075.0,85817.0,2.0
6470.0,83820.0,13.0
2281.0,85080.0,
2848.0,84600.0,19.0
3307.0,81000.0,12.0
1500.0,83645.0,18.0
2015.0,84600.0,3.0
5276.0,83124.0,
3802.0,84000.0,12.0
7716.0,83100.0,
14838.0,83520.0,18.0
2188.0,59131.0,16.0
2282.0,85506.0,29.0
13139.0,0.0,
1994.0,85020.0,17.0
3004.0,68017.0,16.0
3644.0,50400.0,14.0
1781.0,0.0,23.0
3574.0,85646.0,
1677.0,83100.0,24.0
1494.0,85560.0,12.0
1441.0,85726.0,18.0
1896.0,83786.0,25.0
2660.0,82500.0,12.0
3074.0,83088.0,
4296.0,84060.0,24.0
8330.0,82800.0,12.0
2203.0,85500.0,17.0
3470.0,84640.0,
8964.0,85800.0,
3604.0,85980.0,
4144.0,84120.0,2.0
2259.0,84321.0,13.0
3696.0,61200.0,
9055.0,85532.0,
1663.0,82800.0,24.0
4909.0,82500.0,18.0
9012.0,84580.0,
9087.0,86148.0,25.0
4613.0,82730.0,
3155.0,84420.0,5.0
10716.0,85380.0,12.0
6403.0,84900.0,25.0
1711.0,84780.0,12.0
2597.0,85500.0,25.0
5497.0,85167.0,25.0
1931.0,83700.0,
3921.0,84660.0,8.0
2332.0,85740.0,
5866.0,84627.0,25.0
2621.0,82800.0,20.0
3925.0,83680.0,
25269.0,83726.0,14.0
8783.0,84300.0,16.0
3119.0,85800.0,16.0
3118.0,86167.0,6.0
6153.0,84060.0,25.0
2444.0,85500.0,19.0
5536.0,80272.0,23.0
124532.0,83703.0,22.0
1925.0,85200.0,12.0
3973.0,84600.0,17.0
2156.0,82800.0,
3190.0,85200.0,18.0
1321.0,84660.0,25.0
4530.0,85080.0,19.0
7663.0,83700.0,18.0
3116.0,83054.0,
5157.0,84600.0,17.0
9499.0,85320.0,
1162.0,85320.0,25.0
2420.0,85620.0,17.0
3571.0,85860.0,16.0
2089.0,85800.0,7.0
3688.0,82453.0,18.0
6085.0,84720.0,20.0
2973.0,85020.0,25.0
5206.0,83395.0,25.0
2013.0,85200.0,24.0
6989.0,85800.0,
4571.0,82800.0,
2499.0,84600.0,
8046.0,85500.0,13.0
3269.0,86324.0,
18286.0,85860.0,23.0
2983.0,82800.0,25.0
2857.0,83940.0,29.0
3708.0,84600.0,18.0
2314.0,82500.0,25.0
11851.0,82800.0,8.0
7674.0,82800.0,25.0
3179.0,82800.0,2.0
2909.0,84436.0,25.0
2195.0,83400.0,2.0
8672.0,82800.0,18.0
13951.0,85140.0,12.0
1761.0,86087.0,12.0
13795.0,79020.0,6.0
5183.0,85200.0,16.0
2926.0,85527.0,
2403.0,85200.0,30.0
1887.0,83100.0,
6499.0,85787.0,
1151.0,85918.0,8.0
4371.0,85547.0,22.0
2757.0,85200.0,18.0
2671.0,85020.0,18.0
11653.0,84600.0,12.0
12466.0,86160.0,17.0
2476.0,84240.0,25.0
3538.0,86220.0,18.0
4076.0,83272.0,
5884.0,85200.0,25.0
10547.0,83880.0,25.0
4266.0,85500.0,19.0
2941.0,84600.0,24.0
4763.0,83400.0,17.0
5548.0,85881.0,26.0
2749.0,85560.0,23.0
1745.0,84600.0,18.0
1659.0,84000.0,18.0
2301.0,82345.0,24.0
2062.0,61200.0,12.0
1726.0,85500.0,19.0
2660.0,59490.0,22.0
1863.0,82800.0,17.0
5600.0,83220.0,12.0
1952.0,0.0,24.0
939.0,86160.0,22.0
4184.0,84300.0,23.0
8498.0,85440.0,8.0
4594.0,81900.0,26.0
13418.0,83700.0,25.0
2951.0,84143.0,24.0
20751.0,83700.0,17.0
29818.0,84008.0,
8538.0,85651.0,
5556.0,85440.0,18.0
2416.0,54933.0,28.0
11339.0,85800.0,4.0
3964.0,85174.0,25.0
12236.0,84600.0,23.0
7129.0,85080.0,12.0
6811.0,75900.0,2.0
2599.0,83160.0,17.0
1958.0,83940.0,18.0
1613.0,0.0,25.0
4582.0,85200.0,
7337.0,83788.0,
23153.0,86100.0,25.0
2709.0,85500.0,17.0
2531.0,86371.0,
2538.0,86376.0,
18434.0,85800.0,
5478.0,85865.0,17.0
1765.0,0.0,23.0
8057.0,84600.0,25.0
3745.0,86298.0,12.0
,,25.0
,,14.0
,,25.0
,,12.0
,,22.0
,,18.0
,,22.0
,,17.0
,,25.0
,,18.0
,,17.0
,,22.0
,,26.0
,,12.0
,,25.0
,,18.0
,,18.0
,,2.0
,,12.0
,,22.0
,,19.0
,,22.0
,,12.0
,,18.0
,,6.0
,,12.0
,,26.0
,,25.0
,,25.0
,,20.0
,,16.0
,,18.0
,,25.0
,,17.0
,,22.0
,,8.0
,,18.0
,,25.0
,,13.0
,,22.0
,,12.0
,,12.0
,,12.0
,,24.0
,,23.0
,,2.0
,,12.0
,,18.0
,,23.0
,,2.0
,,26.0
,,17.0
,,19.0
,,3.0
,,22.0
,,18.0
,,25.0
,,12.0
,,16.0
,,16.0
,,4.0
,,17.0
,,22.0
,,12.0
,,24.0
,,25.0
,,6.0
,,23.0
,,26.0
,,22.0
,,2.0
,,25.0
,,25.0
,,22.0
,,25.0
,,22.0
,,25.0
,,24.0
,,12.0
,,2.0
,,22.0
,,19.0
,,12.0
,,22.0
,,4.0
,,4.0
,,12.0
,,25.0
,,2.0
,,19.0
,,25.0
,,22.0
,,12.0
,,25.0
,,12.0
,,14.0
,,4.0
,,25.0
,,12.0
,,25.0
,,19.0
,,23.0
,,12.0
,,22.0
,,18.0
,,19.0
,,18.0
,,25.0
,,25.0
,,22.0
,,26.0
,,12.0
,,26.0
,,18.0
,,23.0
,,8.0
,,16.0
,,24.0
,,6.0
,,22.0
,,18.0
,,25.0
,,11.0
,,17.0
,,12.0
,,25.0
,,23.0
,,12.0
,,25.0
,,23.0
,,25.0
,,18.0
,,12.0
,,12.0
,,22.0
,,4.0
,,12.0
,,22.0
,,23.0
,,3.0
,,25.0
,,13.0
,,25.0
,,5.0
,,18.0
,,25.0
,,25.0
,,25.0
,,17.0
,,18.0
,,22.0
,,23.0
,,3.0
,,17.0
,,25.0
,,0.0
,,14.0
,,22.0
,,25.0
,,25.0
,,12.0
,,17.0
,,25.0
,,23.0
,,14.0
,,17.0
,,2.0
,,6.0
,,1.0
,,17.0
,,17.0
,,2.0
,,4.0
,,22.0
,,25.0
,,17.0
,,25.0
,,18.0
,,23.0
,,25.0
,,13.0
,,22.0
,,18.0
,,4.0
,,23.0
,,3.0
,,18.0
,,18.0
,,25.0
,,18.0
,,16.0
,,18.0
,,21.0
,,25.0
,,25.0
,,23.0
,,19.0
,,16.0
,,25.0
,,18.0
,,22.0
,,25.0
,,7.0
,,12.0
,,2.0
,,24.0
,,23.0
,,7.0
,,18.0
,,22.0
,,4.0
,,25.0
,,10.0
,,19.0
,,12.0
,,16.0
,,17.0
,,25.0
,,17.0
,,14.0
,,12.0
,,14.0
,,17.0
,,19.0
,,26.0
,,25.0
,,2.0
,,16.0
,,5.0
,,25.0
,,18.0
,,23.0
,,19.0
,,22.0
,,2.0
,,29.0
,,14.0
,,25.0
,,25.0
,,1.0
,,7.0
,,24.0
,,12.0
,,23.0
,,12.0
,,15.0
,,22.0
,,19.0
,,25.0
,,25.0
,,17.0
,,29.0
,,18.0
,,25.0
,,18.0
,,18.0
,,25.0
,,22.0
,,25.0
,,12.0
,,17.0
,,25.0
,,12.0
,,22.0
,,30.0
,,18.0
,,12.0
,,16.0
,,18.0
,,1.0
,,12.0
,,12.0
,,25.0
,,22.0
,,28.0
,,3.0
,,25.0
,,22.0
,,19.0
,,3.0
,,22.0
,,24.0
,,29.0
,,15.0
,,22.0
,,19.0
,,25.0
,,22.0
,,25.0
,,30.0
,,17.0
,,12.0
,,2.0
,,16.0
,,18.0
,,6.0
,,3.0
,,25.0
,,12.0
,,25.0
,,4.0
,,25.0
,,4.0
,,6.0
,,25.0
,,1.0
,,25.0
,,25.0
,,22.0
,,25.0
,,25.0
,,30.0
,,12.0
,,12.0
,,29.0
,,19.0
,,23.0
,,23.0
,,25.0
,,23.0
,,25.0
,,12.0
,,25.0
,,18.0
,,25.0
,,19.0
,,16.0
,,25.0
,,26.0
,,12.0
,,25.0
,,10.0
,,17.0
,,17.0
,,17.0
,,22.0
,,25.0
,,23.0
,,18.0
,,23.0
,,29.0
,,23.0
,,19.0
,,16.0
,,15.0
,,25.0
,,8.0
,,22.0
,,12.0
,,22.0
,,16.0
,,8.0
,,29.0
,,22.0
,,23.0
,,17.0
,,2.0
,,23.0
,,19.0
,,25.0
,,23.0
,,23.0
,,25.0
,,24.0
,,22.0
,,19.0
,,25.0
,,19.0
,,17.0
,,16.0
,,18.0
,,24.0
,,12.0
,,2.0
,,25.0
,,25.0
,,12.0
,,22.0
,,29.0
,,24.0
,,24.0
,,19.0
,,23.0
,,25.0
,,12.0
,,1.0
,,12.0
,,19.0
,,8.0
,,18.0
,,15.0
,,23.0
,,22.0
,,22.0
,,25.0
,,25.0
,,23.0
,,12.0
,,22.0
,,9.0
,,22.0
,,25.0
,,25.0
,,25.0
,,12.0
,,25.0
,,12.0
,,18.0
,,1.0
,,17.0
,,23.0
,,12.0
,,16.0
,,6.0
,,23.0
,,12.0
,,25.0
,,17.0
,,23.0
,,25.0
,,3.0
,,12.0
,,25.0
,,2.0
,,12.0
,,26.0
,,29.0
,,22.0
,,12.0
,,18.0
,,18.0
,,15.0
,,24.0
,,20.0
,,18.0
,,18.0
,,22.0
,,6.0
,,18.0
,,24.0
,,19.0
,,22.0
,,8.0
,,6.0
,,16.0
,,7.0
,,15.0
,,18.0
,,22.0
,,12.0
,,4.0
,,12.0
,,20.0
,,12.0
,,24.0
,,23.0
,,12.0
,,13.0
,,25.0
,,26.0
,,8.0
,,29.0
,,20.0
,,24.0
,,12.0
,,2.0
,,17.0
,,25.0
,,25.0
,,1.0
,,22.0
,,25.0
,,25.0
,,29.0
,,18.0
,,19.0
,,22.0
,,23.0
,,25.0
,,2.0
,,20.0
,,30.0
,,20.0
,,25.0
,,25.0
,,5.0
,,12.0
,,17.0
,,2.0
,,23.0
,,26.0
,,29.0
,,18.0
,,3.0
,,25.0
,,18.0
,,12.0
,,2.0
,,13.0
,,24.0
,,1.0
,,29.0
,,25.0
,,18.0
,,21.0
,,2.0
,,25.0
,,18.0
,,22.0
,,25.0
,,25.0
,,25.0
,,23.0
,,12.0
,,12.0
,,24.0
,,19.0
,,18.0
,,19.0
,,19.0
,,12.0
,,24.0
,,18.0
,,18.0
,,12.0
,,7.0
,,3.0
,,16.0
,,22.0
,,18.0
,,23.0
,,12.0
,,8.0
,,25.0
,,24.0
,,18.0
,,25.0
,,17.0
,,6.0
,,18.0
,,29.0
,,23.0
,,25.0
,,25.0
,,6.0
,,18.0
,,8.0
,,25.0
,,25.0
,,17.0
,,7.0
,,12.0
,,18.0
,,25.0
,,17.0
,,18.0
,,25.0
,,12.0
,,12.0
,,20.0
,,23.0
,,18.0
,,22.0
,,22.0
,,18.0
,,12.0
,,18.0
,,12.0
,,18.0
,,22.0
,,22.0
,,18.0
,,17.0
,,23.0
,,16.0
,,12.0
,,18.0
,,18.0
,,12.0
,,7.0
,,17.0
,,25.0
,,18.0
,,22.0
,,23.0
,,22.0
,,3.0
,,22.0
,,12.0
,,12.0
,,1.0
,,12.0
,,17.0
,,2.0
,,12.0
,,25.0
,,6.0
,,7.0
,,22.0
,,4.0
,,16.0
,,25.0
,,24.0
,,24.0
,,18.0
,,17.0
,,4.0
,,12.0
,,25.0
,,18.0
,,19.0
,,19.0
,,24.0
,,17.0
,,12.0
,,23.0
,,19.0
,,24.0
,,12.0
,,4.0
,,18.0
,,25.0
,,25.0
,,18.0
,,25.0
,,6.0
,,12.0
,,18.0
,,24.0
,,22.0
,,12.0
,,19.0
,,2.0
,,12.0
,,22.0
,,23.0
,,24.0
,,23.0
,,14.0
,,13.0
,,5.0
,,23.0
,,12.0
,,25.0
,,18.0
,,24.0
,,25.0
,,18.0
,,12.0
,,12.0
,,26.0
,,23.0
,,24.0
,,24.0
,,18.0
,,18.0
,,26.0
,,25.0
,,2.0
,,29.0
,,23.0
,,16.0
,,12.0
,,24.0
,,23.0
,,12.0
,,19.0
,,2.0
,,12.0
,,17.0
,,26.0
,,22.0
,,25.0
,,12.0
,,25.0
,,29.0
,,12.0
,,19.0
,,12.0
,,17.0
,,25.0
,,23.0
,,12.0
,,18.0
,,9.0
,,25.0
,,6.0
,,12.0
,,7.0
,,6.0
,,25.0
,,19.0
,,23.0
,,25.0
,,16.0
,,25.0
,,22.0
,,18.0
,,18.0
,,29.0
,,1.0
,,18.0
,,22.0
,,18.0
,,25.0
,,12.0
,,15.0
,,12.0
,,25.0
,,18.0
,,25.0
,,22.0
,,6.0
,,16.0
,,25.0
,,19.0
,,18.0
,,18.0
,,22.0
,,25.0
,,16.0
,,7.0
,,9.0
,,20.0
,,25.0
,,17.0
,,2.0
,,12.0
,,25.0
,,16.0
,,25.0
,,29.0
,,25.0
,,23.0
,,12.0
,,18.0
,,19.0
,,17.0
,,18.0
,,17.0
,,21.0
,,23.0
,,25.0
,,15.0
,,18.0
,,24.0
,,12.0
,,25.0
,,9.0
,,17.0
,,22.0
,,12.0
,,23.0
,,12.0
,,21.0
,,1.0
,,22.0
,,17.0
,,25.0
,,5.0
,,17.0
,,17.0
,,25.0
,,25.0
,,18.0
,,18.0
,,3.0
,,18.0
,,18.0
,,17.0
,,25.0
,,12.0
,,12.0
,,18.0
,,12.0
,,18.0
,,25.0
,,25.0
,,23.0
,,16.0
,,4.0
,,25.0
,,23.0
,,25.0
,,18.0
,,25.0
,,7.0
,,18.0
,,16.0
,,2.0
,,22.0
,,17.0
,,19.0
,,19.0
,,19.0
,,29.0
,,23.0
,,18.0
,,2.0
,,25.0
,,17.0
,,22.0
,,18.0
,,23.0
,,12.0
,,22.0
,,6.0
,,18.0
,,16.0
,,22.0
,,5.0
,,25.0
,,25.0
,,18.0
,,25.0
,,2.0
,,12.0
,,25.0
,,25.0
,,19.0
,,12.0
,,25.0
,,22.0
,,23.0
,,29.0
,,17.0
,,25.0
,,20.0
,,23.0
,,29.0
,,25.0
,,25.0
,,25.0
,,18.0
,,12.0
,,18.0
,,23.0
,,12.0
,,24.0
,,18.0
,,25.0
,,7.0
,,17.0
,,23.0
,,18.0
,,22.0
,,25.0
,,25.0
,,2.0
,,12.0
,,19.0
,,18.0
,,13.0
,,1.0
,,25.0
,,18.0
,,17.0
,,26.0
,,12.0
,,22.0
,,18.0
,,25.0
,,25.0
,,18.0
,,6.0
,,25.0
,,25.0
,,18.0
,,22.0
,,25.0
,,2.0
,,6.0
,,22.0
,,24.0
,,6.0
,,25.0
,,18.0
,,22.0
,,4.0
,,25.0
,,25.0
,,22.0
,,23.0
,,25.0
,,6.0
,,19.0
,,19.0
,,23.0
,,2.0
,,25.0
,,7.0
,,25.0
,,20.0
,,18.0
,,18.0
,,17.0
,,12.0
,,18.0
,,22.0
,,25.0
,,2.0
,,25.0
,,2.0
,,10.0
,,24.0
,,18.0
,,26.0
,,25.0
,,17.0
,,23.0
,,12.0
,,12.0
,,6.0
,,25.0
,,16.0
,,18.0
,,23.0
,,13.0
,,23.0
,,25.0
,,12.0
,,2.0
,,25.0
,,12.0
,,23.0
,,3.0
,,2.0
,,18.0
,,13.0
,,3.0
,,25.0
,,20.0
,,19.0
,,23.0
,,7.0
,,25.0
,,22.0
,,30.0
,,2.0
,,1.0
,,2.0
,,18.0
,,6.0
,,12.0
,,23.0
,,8.0
,,22.0
,,25.0
,,26.0
,,24.0
,,22.0
,,22.0
,,2.0
,,2.0
,,25.0
,,18.0
,,6.0
,,25.0
,,25.0
,,26.0
,,17.0
,,20.0
,,22.0
,,25.0
,,22.0
,,3.0
,,23.0
,,25.0
,,3.0
